shipment_id,carrier_name,mode_of_transport,origin_location,destination_location,estimated_transit_time,actual_transit_time,shipment_status,origin_lat,origin_lon,destination_lat,destination_lon
6320,Carrier W,Air,Houston,Boston,8,2,Delivered,29.7589382,-95.3676974,42.3554334,-71.060511
6171,Carrier X,Air,Los Angeles,Seattle,11,1,Delayed,34.0536909,-118.242766,47.6038321,-122.330062
6255,Carrier W,Truck,Houston,San Francisco,14,3,Delayed,29.7589382,-95.3676974,37.7792588,-122.4193286
6363,Carrier X,Ship,Houston,San Francisco,4,11,Delayed,29.7589382,-95.3676974,37.7792588,-122.4193286
6448,Carrier Y,Ship,Los Angeles,Seattle,6,6,Delayed,34.0536909,-118.242766,47.6038321,-122.330062
6188,Carrier W,Rail,New York,Seattle,7,20,In Transit,40.7127281,-74.0060152,47.6038321,-122.330062
6721,Carrier Y,Air,Los Angeles,Seattle,14,19,In Transit,34.0536909,-118.242766,47.6038321,-122.330062
6677,Carrier W,Truck,Miami,Boston,13,10,Delayed,25.7741728,-80.19362,42.3554334,-71.060511
6519,Carrier Y,Truck,Houston,Seattle,13,11,Delivered,29.7589382,-95.3676974,47.6038321,-122.330062
6287,Carrier W,Truck,Houston,San Francisco,3,2,In Transit,29.7589382,-95.3676974,37.7792588,-122.4193286
6604,Carrier X,Air,Houston,Dallas,9,1,Delivered,29.7589382,-95.3676974,32.7762719,-96.7968559
6165,Carrier X,Truck,Los Angeles,Seattle,2,7,Delayed,34.0536909,-118.242766,47.6038321,-122.330062
6063,Carrier W,Ship,Los Angeles,Dallas,11,14,Delivered,34.0536909,-118.242766,32.7762719,-96.7968559
6788,Carrier W,Ship,New York,Seattle,2,7,Delayed,40.7127281,-74.0060152,47.6038321,-122.330062
6348,Carrier Y,Truck,New York,Denver,1,9,Delayed,40.7127281,-74.0060152,39.7392364,-104.984862
6271,Carrier W,Ship,Chicago,Dallas,13,1,Delivered,41.8755616,-87.6244212,32.7762719,-96.7968559
6242,Carrier X,Ship,Miami,Seattle,14,3,Delayed,25.7741728,-80.19362,47.6038321,-122.330062
6084,Carrier X,Rail,New York,Dallas,9,17,Delayed,40.7127281,-74.0060152,32.7762719,-96.7968559
6231,Carrier Y,Air,Los Angeles,Dallas,10,14,In Transit,34.0536909,-118.242766,32.7762719,-96.7968559
6287,Carrier Z,Truck,Houston,Boston,13,3,Delayed,29.7589382,-95.3676974,42.3554334,-71.060511
6183,Carrier W,Rail,Houston,Dallas,7,9,Delivered,29.7589382,-95.3676974,32.7762719,-96.7968559
6043,Carrier W,Ship,New York,Denver,1,4,In Transit,40.7127281,-74.0060152,39.7392364,-104.984862
6731,Carrier W,Truck,New York,Seattle,1,20,Delayed,40.7127281,-74.0060152,47.6038321,-122.330062
6294,Carrier Z,Ship,Miami,Seattle,7,4,Delayed,25.7741728,-80.19362,47.6038321,-122.330062
6178,Carrier X,Truck,Chicago,Boston,13,18,Delayed,41.8755616,-87.6244212,42.3554334,-71.060511
6659,Carrier X,Truck,Chicago,Denver,13,17,Delivered,41.8755616,-87.6244212,39.7392364,-104.984862
6015,Carrier Y,Air,Miami,San Francisco,5,8,Delivered,25.7741728,-80.19362,37.7792588,-122.4193286
6123,Carrier Z,Rail,Los Angeles,Boston,2,13,Delayed,34.0536909,-118.242766,42.3554334,-71.060511
6071,Carrier X,Ship,Houston,Denver,7,12,Delayed,29.7589382,-95.3676974,39.7392364,-104.984862
6094,Carrier Y,Ship,Chicago,Boston,9,1,In Transit,41.8755616,-87.6244212,42.3554334,-71.060511
6339,Carrier W,Rail,Miami,Seattle,11,5,In Transit,25.7741728,-80.19362,47.6038321,-122.330062
6033,Carrier Y,Air,Chicago,San Francisco,1,1,Delayed,41.8755616,-87.6244212,37.7792588,-122.4193286
6381,Carrier Y,Rail,Los Angeles,Boston,7,7,In Transit,34.0536909,-118.242766,42.3554334,-71.060511
6725,Carrier W,Truck,Miami,Seattle,8,7,Delivered,25.7741728,-80.19362,47.6038321,-122.330062
6274,Carrier X,Air,Chicago,San Francisco,4,8,Delivered,41.8755616,-87.6244212,37.7792588,-122.4193286
6438,Carrier Y,Air,New York,Denver,3,6,In Transit,40.7127281,-74.0060152,39.7392364,-104.984862
6019,Carrier Z,Ship,New York,Boston,10,10,Delivered,40.7127281,-74.0060152,42.3554334,-71.060511
6250,Carrier W,Ship,Los Angeles,Dallas,5,20,Delayed,34.0536909,-118.242766,32.7762719,-96.7968559
6542,Carrier X,Ship,Chicago,Dallas,5,11,Delivered,41.8755616,-87.6244212,32.7762719,-96.7968559
6633,Carrier X,Air,Miami,Boston,3,5,In Transit,25.7741728,-80.19362,42.3554334,-71.060511
6728,Carrier W,Rail,New York,Dallas,13,14,Delayed,40.7127281,-74.0060152,32.7762719,-96.7968559
6403,Carrier Y,Ship,Miami,Denver,8,13,Delivered,25.7741728,-80.19362,39.7392364,-104.984862
6468,Carrier Z,Air,Houston,Boston,11,7,Delayed,29.7589382,-95.3676974,42.3554334,-71.060511
6783,Carrier X,Air,Chicago,Boston,9,18,Delivered,41.8755616,-87.6244212,42.3554334,-71.060511
6697,Carrier Y,Air,New York,Boston,8,18,In Transit,40.7127281,-74.0060152,42.3554334,-71.060511
6594,Carrier X,Rail,New York,Boston,5,11,Delayed,40.7127281,-74.0060152,42.3554334,-71.060511
6382,Carrier W,Rail,New York,Boston,11,16,Delayed,40.7127281,-74.0060152,42.3554334,-71.060511
6795,Carrier Y,Air,Houston,Boston,3,11,Delivered,29.7589382,-95.3676974,42.3554334,-71.060511
6220,Carrier W,Rail,Miami,San Francisco,8,3,In Transit,25.7741728,-80.19362,37.7792588,-122.4193286
6742,Carrier Y,Ship,New York,Denver,4,7,In Transit,40.7127281,-74.0060152,39.7392364,-104.984862
6482,Carrier Z,Rail,New York,San Francisco,2,19,Delivered,40.7127281,-74.0060152,37.7792588,-122.4193286
6526,Carrier W,Truck,Houston,Boston,12,16,Delayed,29.7589382,-95.3676974,42.3554334,-71.060511
6644,Carrier X,Ship,Miami,Denver,2,14,Delivered,25.7741728,-80.19362,39.7392364,-104.984862
6409,Carrier X,Air,Houston,San Francisco,4,18,In Transit,29.7589382,-95.3676974,37.7792588,-122.4193286
6438,Carrier Y,Air,Los Angeles,Dallas,4,6,Delayed,34.0536909,-118.242766,32.7762719,-96.7968559
6637,Carrier W,Air,Los Angeles,Dallas,5,7,Delivered,34.0536909,-118.242766,32.7762719,-96.7968559
6104,Carrier Y,Rail,Chicago,San Francisco,12,1,Delivered,41.8755616,-87.6244212,37.7792588,-122.4193286
6645,Carrier Y,Ship,Chicago,Boston,5,1,Delayed,41.8755616,-87.6244212,42.3554334,-71.060511
6550,Carrier X,Rail,Houston,Denver,11,5,Delayed,29.7589382,-95.3676974,39.7392364,-104.984862
6605,Carrier Y,Air,Miami,Boston,13,1,In Transit,25.7741728,-80.19362,42.3554334,-71.060511
6793,Carrier W,Air,Los Angeles,Denver,10,19,Delayed,34.0536909,-118.242766,39.7392364,-104.984862
6220,Carrier W,Truck,Los Angeles,San Francisco,6,2,Delayed,34.0536909,-118.242766,37.7792588,-122.4193286
6421,Carrier W,Truck,New York,Seattle,2,6,In Transit,40.7127281,-74.0060152,47.6038321,-122.330062
6048,Carrier Z,Truck,New York,Denver,9,9,Delayed,40.7127281,-74.0060152,39.7392364,-104.984862
6036,Carrier Y,Truck,Miami,San Francisco,9,8,In Transit,25.7741728,-80.19362,37.7792588,-122.4193286
6203,Carrier W,Truck,New York,San Francisco,11,1,Delivered,40.7127281,-74.0060152,37.7792588,-122.4193286
6400,Carrier X,Air,Houston,Denver,7,9,In Transit,29.7589382,-95.3676974,39.7392364,-104.984862
6065,Carrier W,Truck,Miami,Seattle,3,13,Delayed,25.7741728,-80.19362,47.6038321,-122.330062
6234,Carrier X,Truck,Houston,Seattle,3,12,In Transit,29.7589382,-95.3676974,47.6038321,-122.330062
6043,Carrier Y,Truck,Houston,Denver,9,17,Delayed,29.7589382,-95.3676974,39.7392364,-104.984862
6092,Carrier Y,Rail,Chicago,San Francisco,5,13,Delivered,41.8755616,-87.6244212,37.7792588,-122.4193286
6560,Carrier Y,Rail,Miami,Boston,8,8,Delayed,25.7741728,-80.19362,42.3554334,-71.060511
6133,Carrier Z,Ship,New York,Denver,5,14,Delayed,40.7127281,-74.0060152,39.7392364,-104.984862
6219,Carrier W,Truck,Los Angeles,Boston,12,14,In Transit,34.0536909,-118.242766,42.3554334,-71.060511
6143,Carrier W,Ship,Miami,Dallas,8,4,Delayed,25.7741728,-80.19362,32.7762719,-96.7968559
6146,Carrier Z,Rail,Los Angeles,Dallas,13,10,Delivered,34.0536909,-118.242766,32.7762719,-96.7968559
6275,Carrier X,Truck,Houston,Boston,7,16,Delivered,29.7589382,-95.3676974,42.3554334,-71.060511
6175,Carrier W,Truck,New York,Seattle,1,12,In Transit,40.7127281,-74.0060152,47.6038321,-122.330062
6470,Carrier W,Truck,New York,Seattle,5,14,In Transit,40.7127281,-74.0060152,47.6038321,-122.330062
6795,Carrier Z,Air,New York,Dallas,11,17,Delayed,40.7127281,-74.0060152,32.7762719,-96.7968559
6420,Carrier Y,Truck,Chicago,Denver,5,17,In Transit,41.8755616,-87.6244212,39.7392364,-104.984862
6189,Carrier Y,Truck,Houston,Boston,4,5,Delivered,29.7589382,-95.3676974,42.3554334,-71.060511
6407,Carrier Z,Ship,Houston,Boston,3,4,In Transit,29.7589382,-95.3676974,42.3554334,-71.060511
6544,Carrier X,Rail,Houston,Boston,6,11,In Transit,29.7589382,-95.3676974,42.3554334,-71.060511
6345,Carrier W,Truck,Houston,Seattle,13,11,In Transit,29.7589382,-95.3676974,47.6038321,-122.330062
6403,Carrier X,Ship,New York,Dallas,9,4,Delayed,40.7127281,-74.0060152,32.7762719,-96.7968559
6073,Carrier W,Rail,Houston,Boston,4,6,In Transit,29.7589382,-95.3676974,42.3554334,-71.060511
6109,Carrier Y,Air,Los Angeles,Dallas,14,20,Delivered,34.0536909,-118.242766,32.7762719,-96.7968559
6119,Carrier Y,Truck,Houston,Seattle,4,14,In Transit,29.7589382,-95.3676974,47.6038321,-122.330062
6530,Carrier Y,Air,New York,Dallas,9,1,Delivered,40.7127281,-74.0060152,32.7762719,-96.7968559
6578,Carrier Y,Rail,New York,Denver,12,7,In Transit,40.7127281,-74.0060152,39.7392364,-104.984862
6330,Carrier Z,Truck,New York,San Francisco,11,7,Delivered,40.7127281,-74.0060152,37.7792588,-122.4193286
6608,Carrier Y,Rail,Chicago,San Francisco,2,8,In Transit,41.8755616,-87.6244212,37.7792588,-122.4193286
6064,Carrier Y,Rail,Los Angeles,Dallas,1,8,Delayed,34.0536909,-118.242766,32.7762719,-96.7968559
6145,Carrier Z,Truck,Miami,Seattle,15,19,Delivered,25.7741728,-80.19362,47.6038321,-122.330062
6501,Carrier Z,Ship,Houston,San Francisco,5,6,Delayed,29.7589382,-95.3676974,37.7792588,-122.4193286
6074,Carrier Y,Rail,Los Angeles,Seattle,12,16,In Transit,34.0536909,-118.242766,47.6038321,-122.330062
6598,Carrier Y,Ship,New York,Seattle,11,20,Delayed,40.7127281,-74.0060152,47.6038321,-122.330062
6159,Carrier Y,Truck,Chicago,San Francisco,15,6,Delayed,41.8755616,-87.6244212,37.7792588,-122.4193286
6006,Carrier Y,Ship,New York,Seattle,2,1,In Transit,40.7127281,-74.0060152,47.6038321,-122.330062
6667,Carrier Y,Ship,New York,Denver,10,14,In Transit,40.7127281,-74.0060152,39.7392364,-104.984862
6491,Carrier X,Rail,New York,Seattle,14,3,Delayed,40.7127281,-74.0060152,47.6038321,-122.330062
6355,Carrier X,Air,Houston,Dallas,3,15,In Transit,29.7589382,-95.3676974,32.7762719,-96.7968559
6098,Carrier W,Ship,Miami,San Francisco,6,1,In Transit,25.7741728,-80.19362,37.7792588,-122.4193286
6070,Carrier X,Rail,Houston,San Francisco,9,10,Delivered,29.7589382,-95.3676974,37.7792588,-122.4193286
6299,Carrier W,Air,Houston,Seattle,7,18,Delayed,29.7589382,-95.3676974,47.6038321,-122.330062
6079,Carrier X,Rail,Chicago,Dallas,11,10,In Transit,41.8755616,-87.6244212,32.7762719,-96.7968559
6071,Carrier X,Ship,Chicago,Boston,7,13,Delayed,41.8755616,-87.6244212,42.3554334,-71.060511
6118,Carrier Z,Ship,Chicago,Denver,2,3,Delayed,41.8755616,-87.6244212,39.7392364,-104.984862
6593,Carrier X,Air,Los Angeles,Boston,9,2,Delivered,34.0536909,-118.242766,42.3554334,-71.060511
6571,Carrier Z,Truck,Chicago,Boston,12,12,Delivered,41.8755616,-87.6244212,42.3554334,-71.060511
6125,Carrier Z,Truck,Miami,Boston,10,3,Delivered,25.7741728,-80.19362,42.3554334,-71.060511
6039,Carrier W,Ship,New York,Seattle,1,16,Delayed,40.7127281,-74.0060152,47.6038321,-122.330062
6397,Carrier Y,Truck,Chicago,Seattle,13,14,In Transit,41.8755616,-87.6244212,47.6038321,-122.330062
6501,Carrier X,Truck,Houston,Boston,13,7,In Transit,29.7589382,-95.3676974,42.3554334,-71.060511
6391,Carrier W,Air,Chicago,Seattle,4,8,Delayed,41.8755616,-87.6244212,47.6038321,-122.330062
6444,Carrier Y,Truck,Miami,Dallas,5,4,In Transit,25.7741728,-80.19362,32.7762719,-96.7968559
6073,Carrier X,Air,Miami,Dallas,1,19,Delivered,25.7741728,-80.19362,32.7762719,-96.7968559
6732,Carrier W,Truck,Miami,Seattle,10,16,Delivered,25.7741728,-80.19362,47.6038321,-122.330062
6571,Carrier Z,Truck,Houston,Seattle,4,5,In Transit,29.7589382,-95.3676974,47.6038321,-122.330062
6302,Carrier Y,Truck,Miami,San Francisco,7,10,Delayed,25.7741728,-80.19362,37.7792588,-122.4193286
6502,Carrier X,Air,Houston,San Francisco,1,6,Delivered,29.7589382,-95.3676974,37.7792588,-122.4193286
6061,Carrier Z,Truck,Houston,Boston,15,2,Delivered,29.7589382,-95.3676974,42.3554334,-71.060511
6771,Carrier Z,Ship,New York,Seattle,4,11,Delayed,40.7127281,-74.0060152,47.6038321,-122.330062
6414,Carrier Z,Ship,Los Angeles,San Francisco,9,7,Delayed,34.0536909,-118.242766,37.7792588,-122.4193286
6592,Carrier Y,Truck,Houston,Seattle,15,17,Delivered,29.7589382,-95.3676974,47.6038321,-122.330062
6402,Carrier Y,Truck,Miami,Dallas,3,15,In Transit,25.7741728,-80.19362,32.7762719,-96.7968559
6047,Carrier W,Truck,Chicago,Denver,12,15,In Transit,41.8755616,-87.6244212,39.7392364,-104.984862
6781,Carrier Z,Air,New York,Denver,7,3,In Transit,40.7127281,-74.0060152,39.7392364,-104.984862
6599,Carrier Z,Ship,Chicago,Boston,14,1,In Transit,41.8755616,-87.6244212,42.3554334,-71.060511
6493,Carrier Z,Truck,Los Angeles,San Francisco,3,3,Delayed,34.0536909,-118.242766,37.7792588,-122.4193286
6253,Carrier X,Air,New York,Denver,5,9,Delayed,40.7127281,-74.0060152,39.7392364,-104.984862
6028,Carrier Z,Ship,New York,Boston,9,17,In Transit,40.7127281,-74.0060152,42.3554334,-71.060511
6308,Carrier W,Rail,Los Angeles,Seattle,3,4,In Transit,34.0536909,-118.242766,47.6038321,-122.330062
6519,Carrier W,Ship,Houston,Dallas,5,10,Delivered,29.7589382,-95.3676974,32.7762719,-96.7968559
6203,Carrier Y,Air,New York,Seattle,14,10,In Transit,40.7127281,-74.0060152,47.6038321,-122.330062
6528,Carrier X,Rail,Miami,Boston,10,1,Delayed,25.7741728,-80.19362,42.3554334,-71.060511
6604,Carrier Y,Rail,Chicago,Dallas,4,8,Delivered,41.8755616,-87.6244212,32.7762719,-96.7968559
6669,Carrier W,Truck,Chicago,Seattle,13,12,Delivered,41.8755616,-87.6244212,47.6038321,-122.330062
6300,Carrier X,Ship,Houston,San Francisco,12,14,Delayed,29.7589382,-95.3676974,37.7792588,-122.4193286
6085,Carrier X,Rail,Chicago,San Francisco,7,3,Delivered,41.8755616,-87.6244212,37.7792588,-122.4193286
6694,Carrier X,Ship,Miami,Denver,12,4,Delayed,25.7741728,-80.19362,39.7392364,-104.984862
6294,Carrier Z,Ship,New York,Seattle,14,16,Delivered,40.7127281,-74.0060152,47.6038321,-122.330062
6646,Carrier Z,Truck,Miami,Dallas,14,10,In Transit,25.7741728,-80.19362,32.7762719,-96.7968559
6389,Carrier X,Ship,Houston,Dallas,6,11,Delayed,29.7589382,-95.3676974,32.7762719,-96.7968559
6477,Carrier W,Air,New York,Denver,8,6,In Transit,40.7127281,-74.0060152,39.7392364,-104.984862
6211,Carrier Z,Ship,New York,Denver,8,19,In Transit,40.7127281,-74.0060152,39.7392364,-104.984862
6296,Carrier Y,Ship,Chicago,San Francisco,1,2,Delayed,41.8755616,-87.6244212,37.7792588,-122.4193286
6172,Carrier Z,Air,Los Angeles,Boston,9,20,Delivered,34.0536909,-118.242766,42.3554334,-71.060511
6031,Carrier Y,Ship,Houston,Boston,10,13,In Transit,29.7589382,-95.3676974,42.3554334,-71.060511
6490,Carrier Y,Ship,New York,San Francisco,7,5,In Transit,40.7127281,-74.0060152,37.7792588,-122.4193286
6591,Carrier W,Rail,Chicago,Boston,12,19,In Transit,41.8755616,-87.6244212,42.3554334,-71.060511
6540,Carrier X,Rail,Los Angeles,Dallas,14,6,Delayed,34.0536909,-118.242766,32.7762719,-96.7968559
6340,Carrier W,Air,Houston,Denver,15,15,Delayed,29.7589382,-95.3676974,39.7392364,-104.984862
6343,Carrier Z,Air,Chicago,Boston,14,9,Delivered,41.8755616,-87.6244212,42.3554334,-71.060511
6345,Carrier Y,Ship,New York,Seattle,13,17,In Transit,40.7127281,-74.0060152,47.6038321,-122.330062
6064,Carrier Y,Truck,Los Angeles,San Francisco,12,1,In Transit,34.0536909,-118.242766,37.7792588,-122.4193286
6565,Carrier X,Truck,Houston,Boston,12,20,In Transit,29.7589382,-95.3676974,42.3554334,-71.060511
6068,Carrier W,Ship,Chicago,San Francisco,5,10,In Transit,41.8755616,-87.6244212,37.7792588,-122.4193286
6633,Carrier X,Rail,Houston,Dallas,9,5,Delayed,29.7589382,-95.3676974,32.7762719,-96.7968559
6332,Carrier Y,Ship,Chicago,Seattle,13,6,Delivered,41.8755616,-87.6244212,47.6038321,-122.330062
6135,Carrier X,Ship,Los Angeles,Dallas,15,19,In Transit,34.0536909,-118.242766,32.7762719,-96.7968559
6476,Carrier X,Truck,Houston,Denver,5,15,In Transit,29.7589382,-95.3676974,39.7392364,-104.984862
6280,Carrier W,Rail,Los Angeles,Denver,1,8,Delivered,34.0536909,-118.242766,39.7392364,-104.984862
6165,Carrier X,Air,Los Angeles,Dallas,12,13,Delivered,34.0536909,-118.242766,32.7762719,-96.7968559
6286,Carrier Z,Truck,Chicago,Boston,6,3,Delivered,41.8755616,-87.6244212,42.3554334,-71.060511
6285,Carrier W,Rail,New York,San Francisco,11,10,Delivered,40.7127281,-74.0060152,37.7792588,-122.4193286
6706,Carrier Z,Rail,Miami,Denver,10,3,Delivered,25.7741728,-80.19362,39.7392364,-104.984862
6476,Carrier X,Rail,Chicago,Boston,2,8,Delivered,41.8755616,-87.6244212,42.3554334,-71.060511
6616,Carrier Z,Rail,New York,Denver,6,10,Delayed,40.7127281,-74.0060152,39.7392364,-104.984862
6416,Carrier W,Air,Miami,Dallas,5,15,In Transit,25.7741728,-80.19362,32.7762719,-96.7968559
6476,Carrier X,Rail,Houston,Denver,4,13,Delivered,29.7589382,-95.3676974,39.7392364,-104.984862
6249,Carrier W,Air,Los Angeles,Denver,7,16,In Transit,34.0536909,-118.242766,39.7392364,-104.984862
6236,Carrier X,Rail,Chicago,Seattle,10,13,Delayed,41.8755616,-87.6244212,47.6038321,-122.330062
6596,Carrier X,Air,Chicago,Dallas,14,3,Delivered,41.8755616,-87.6244212,32.7762719,-96.7968559
6269,Carrier X,Ship,Houston,Seattle,13,4,Delivered,29.7589382,-95.3676974,47.6038321,-122.330062
6367,Carrier Z,Ship,Houston,Seattle,12,13,Delayed,29.7589382,-95.3676974,47.6038321,-122.330062
6548,Carrier X,Truck,Miami,Seattle,13,1,Delayed,25.7741728,-80.19362,47.6038321,-122.330062
6325,Carrier W,Ship,Houston,Denver,1,9,In Transit,29.7589382,-95.3676974,39.7392364,-104.984862
6758,Carrier Y,Truck,Houston,Denver,8,8,Delayed,29.7589382,-95.3676974,39.7392364,-104.984862
6068,Carrier X,Air,Chicago,Seattle,5,14,Delayed,41.8755616,-87.6244212,47.6038321,-122.330062
6141,Carrier Z,Ship,Chicago,Boston,2,14,Delivered,41.8755616,-87.6244212,42.3554334,-71.060511
6394,Carrier Y,Ship,New York,Dallas,8,17,In Transit,40.7127281,-74.0060152,32.7762719,-96.7968559
6340,Carrier X,Rail,Los Angeles,Boston,11,5,In Transit,34.0536909,-118.242766,42.3554334,-71.060511
6515,Carrier Y,Rail,Los Angeles,Boston,8,3,Delivered,34.0536909,-118.242766,42.3554334,-71.060511
6140,Carrier W,Truck,Houston,San Francisco,6,10,Delayed,29.7589382,-95.3676974,37.7792588,-122.4193286
6042,Carrier Y,Rail,Miami,Seattle,1,11,Delivered,25.7741728,-80.19362,47.6038321,-122.330062
6167,Carrier Y,Ship,Chicago,Denver,13,18,Delayed,41.8755616,-87.6244212,39.7392364,-104.984862
6175,Carrier Y,Ship,Los Angeles,Boston,3,6,Delayed,34.0536909,-118.242766,42.3554334,-71.060511
6489,Carrier Y,Ship,Miami,Seattle,9,19,Delivered,25.7741728,-80.19362,47.6038321,-122.330062
6611,Carrier Y,Ship,Los Angeles,San Francisco,10,10,Delivered,34.0536909,-118.242766,37.7792588,-122.4193286
6084,Carrier X,Truck,Chicago,Boston,3,9,Delivered,41.8755616,-87.6244212,42.3554334,-71.060511
6284,Carrier Z,Ship,New York,Dallas,11,5,Delayed,40.7127281,-74.0060152,32.7762719,-96.7968559
6236,Carrier W,Truck,New York,Seattle,9,6,Delivered,40.7127281,-74.0060152,47.6038321,-122.330062
6680,Carrier Z,Air,Miami,Denver,7,7,Delayed,25.7741728,-80.19362,39.7392364,-104.984862
6361,Carrier Y,Rail,Los Angeles,Dallas,7,15,Delivered,34.0536909,-118.242766,32.7762719,-96.7968559
6530,Carrier Y,Air,New York,Denver,10,18,Delayed,40.7127281,-74.0060152,39.7392364,-104.984862
6657,Carrier X,Rail,Los Angeles,Boston,1,3,Delivered,34.0536909,-118.242766,42.3554334,-71.060511
6581,Carrier Y,Rail,Chicago,Seattle,4,12,Delivered,41.8755616,-87.6244212,47.6038321,-122.330062
6175,Carrier X,Truck,Houston,Dallas,3,18,In Transit,29.7589382,-95.3676974,32.7762719,-96.7968559
6554,Carrier Z,Ship,Los Angeles,Seattle,5,19,In Transit,34.0536909,-118.242766,47.6038321,-122.330062
6060,Carrier X,Ship,Chicago,Boston,12,7,Delayed,41.8755616,-87.6244212,42.3554334,-71.060511
6389,Carrier Z,Air,Los Angeles,Dallas,11,18,Delayed,34.0536909,-118.242766,32.7762719,-96.7968559
6414,Carrier Z,Truck,Houston,San Francisco,7,15,Delivered,29.7589382,-95.3676974,37.7792588,-122.4193286
6610,Carrier Z,Ship,Houston,Seattle,14,13,Delivered,29.7589382,-95.3676974,47.6038321,-122.330062
6749,Carrier Z,Air,Miami,Dallas,3,15,In Transit,25.7741728,-80.19362,32.7762719,-96.7968559
6119,Carrier X,Air,Houston,Dallas,11,8,In Transit,29.7589382,-95.3676974,32.7762719,-96.7968559
6154,Carrier Z,Air,Miami,Boston,2,1,Delayed,25.7741728,-80.19362,42.3554334,-71.060511
6256,Carrier Z,Truck,Los Angeles,San Francisco,10,3,In Transit,34.0536909,-118.242766,37.7792588,-122.4193286
6663,Carrier Z,Rail,Miami,Seattle,15,5,In Transit,25.7741728,-80.19362,47.6038321,-122.330062
6522,Carrier W,Air,Houston,Seattle,3,4,In Transit,29.7589382,-95.3676974,47.6038321,-122.330062
6341,Carrier W,Rail,New York,Seattle,11,14,Delivered,40.7127281,-74.0060152,47.6038321,-122.330062
6227,Carrier Y,Ship,New York,Seattle,8,5,In Transit,40.7127281,-74.0060152,47.6038321,-122.330062
6203,Carrier Z,Truck,Miami,Seattle,2,17,Delivered,25.7741728,-80.19362,47.6038321,-122.330062
6495,Carrier W,Rail,Chicago,Seattle,4,20,Delayed,41.8755616,-87.6244212,47.6038321,-122.330062
6023,Carrier X,Rail,Los Angeles,San Francisco,13,7,In Transit,34.0536909,-118.242766,37.7792588,-122.4193286
6773,Carrier Z,Truck,Miami,Denver,13,2,Delivered,25.7741728,-80.19362,39.7392364,-104.984862
6298,Carrier Z,Rail,Miami,San Francisco,11,20,Delayed,25.7741728,-80.19362,37.7792588,-122.4193286
6336,Carrier Y,Rail,Houston,Denver,2,15,Delayed,29.7589382,-95.3676974,39.7392364,-104.984862
6367,Carrier Z,Truck,Miami,Boston,14,5,Delivered,25.7741728,-80.19362,42.3554334,-71.060511
6746,Carrier Y,Rail,Miami,San Francisco,5,1,In Transit,25.7741728,-80.19362,37.7792588,-122.4193286
6738,Carrier Z,Rail,Houston,Seattle,4,11,Delivered,29.7589382,-95.3676974,47.6038321,-122.330062
6382,Carrier W,Ship,Los Angeles,Seattle,12,8,In Transit,34.0536909,-118.242766,47.6038321,-122.330062
6721,Carrier W,Truck,Los Angeles,Boston,15,11,In Transit,34.0536909,-118.242766,42.3554334,-71.060511
6719,Carrier X,Rail,New York,Denver,1,19,Delayed,40.7127281,-74.0060152,39.7392364,-104.984862
6157,Carrier W,Truck,Miami,Dallas,9,16,In Transit,25.7741728,-80.19362,32.7762719,-96.7968559
6185,Carrier Z,Truck,Los Angeles,Seattle,3,20,In Transit,34.0536909,-118.242766,47.6038321,-122.330062
6617,Carrier Z,Ship,Chicago,Seattle,13,19,In Transit,41.8755616,-87.6244212,47.6038321,-122.330062
6440,Carrier X,Truck,Chicago,San Francisco,15,1,In Transit,41.8755616,-87.6244212,37.7792588,-122.4193286
6645,Carrier W,Air,Chicago,Dallas,15,13,Delivered,41.8755616,-87.6244212,32.7762719,-96.7968559
6079,Carrier Y,Rail,Miami,Boston,8,18,In Transit,25.7741728,-80.19362,42.3554334,-71.060511
6669,Carrier Z,Rail,New York,Seattle,5,17,Delivered,40.7127281,-74.0060152,47.6038321,-122.330062
6157,Carrier X,Rail,Los Angeles,Seattle,11,4,Delayed,34.0536909,-118.242766,47.6038321,-122.330062
6376,Carrier X,Truck,Chicago,Dallas,15,7,Delivered,41.8755616,-87.6244212,32.7762719,-96.7968559
6333,Carrier Y,Air,Los Angeles,San Francisco,9,1,Delayed,34.0536909,-118.242766,37.7792588,-122.4193286
6279,Carrier Z,Air,New York,Boston,12,3,Delayed,40.7127281,-74.0060152,42.3554334,-71.060511
6246,Carrier Y,Ship,Houston,Seattle,13,16,Delivered,29.7589382,-95.3676974,47.6038321,-122.330062
6659,Carrier W,Ship,Houston,San Francisco,15,14,Delivered,29.7589382,-95.3676974,37.7792588,-122.4193286
6417,Carrier Y,Rail,Houston,Dallas,6,19,In Transit,29.7589382,-95.3676974,32.7762719,-96.7968559
6702,Carrier Z,Ship,Houston,Boston,8,10,Delayed,29.7589382,-95.3676974,42.3554334,-71.060511
6407,Carrier W,Air,Houston,Dallas,15,2,Delivered,29.7589382,-95.3676974,32.7762719,-96.7968559
6746,Carrier Z,Rail,New York,Seattle,1,15,In Transit,40.7127281,-74.0060152,47.6038321,-122.330062
6001,Carrier Z,Ship,Los Angeles,Dallas,9,13,Delayed,34.0536909,-118.242766,32.7762719,-96.7968559
6304,Carrier X,Air,New York,Dallas,1,4,Delayed,40.7127281,-74.0060152,32.7762719,-96.7968559
6434,Carrier Z,Truck,Houston,Dallas,3,2,Delivered,29.7589382,-95.3676974,32.7762719,-96.7968559
6724,Carrier W,Truck,Miami,Boston,8,5,Delayed,25.7741728,-80.19362,42.3554334,-71.060511
6257,Carrier X,Ship,Miami,Boston,14,6,Delivered,25.7741728,-80.19362,42.3554334,-71.060511
6518,Carrier Z,Air,Miami,Seattle,15,11,In Transit,25.7741728,-80.19362,47.6038321,-122.330062
6256,Carrier W,Ship,Chicago,San Francisco,11,12,Delayed,41.8755616,-87.6244212,37.7792588,-122.4193286
6077,Carrier X,Truck,Los Angeles,Seattle,9,11,Delayed,34.0536909,-118.242766,47.6038321,-122.330062
6140,Carrier Y,Ship,Miami,Boston,2,8,Delayed,25.7741728,-80.19362,42.3554334,-71.060511
6595,Carrier W,Air,Chicago,Denver,7,4,Delayed,41.8755616,-87.6244212,39.7392364,-104.984862
6310,Carrier X,Ship,New York,Dallas,7,17,Delayed,40.7127281,-74.0060152,32.7762719,-96.7968559
6074,Carrier W,Ship,Chicago,Boston,15,9,Delayed,41.8755616,-87.6244212,42.3554334,-71.060511
6103,Carrier W,Ship,Houston,Denver,4,6,Delayed,29.7589382,-95.3676974,39.7392364,-104.984862
6790,Carrier W,Air,Miami,Boston,6,11,In Transit,25.7741728,-80.19362,42.3554334,-71.060511
6261,Carrier X,Rail,Los Angeles,Denver,2,5,Delayed,34.0536909,-118.242766,39.7392364,-104.984862
6350,Carrier Y,Truck,Houston,Boston,8,19,In Transit,29.7589382,-95.3676974,42.3554334,-71.060511
6083,Carrier Z,Truck,Miami,Boston,6,6,Delivered,25.7741728,-80.19362,42.3554334,-71.060511
6433,Carrier X,Ship,Los Angeles,San Francisco,4,17,Delayed,34.0536909,-118.242766,37.7792588,-122.4193286
6064,Carrier Z,Rail,New York,Denver,1,8,Delayed,40.7127281,-74.0060152,39.7392364,-104.984862
6660,Carrier W,Truck,Miami,San Francisco,12,16,In Transit,25.7741728,-80.19362,37.7792588,-122.4193286
6419,Carrier X,Ship,Chicago,Dallas,6,1,Delayed,41.8755616,-87.6244212,32.7762719,-96.7968559
6179,Carrier X,Ship,Los Angeles,Denver,15,10,Delivered,34.0536909,-118.242766,39.7392364,-104.984862
6150,Carrier X,Truck,Houston,Denver,8,9,Delivered,29.7589382,-95.3676974,39.7392364,-104.984862
6226,Carrier X,Rail,Houston,Seattle,9,11,Delayed,29.7589382,-95.3676974,47.6038321,-122.330062
6479,Carrier Y,Ship,New York,San Francisco,14,17,Delayed,40.7127281,-74.0060152,37.7792588,-122.4193286
6697,Carrier X,Air,Chicago,Denver,2,5,Delayed,41.8755616,-87.6244212,39.7392364,-104.984862
6245,Carrier Z,Rail,Miami,San Francisco,13,10,Delivered,25.7741728,-80.19362,37.7792588,-122.4193286
6428,Carrier X,Ship,Los Angeles,Seattle,5,20,Delayed,34.0536909,-118.242766,47.6038321,-122.330062
6789,Carrier W,Rail,Miami,San Francisco,14,12,In Transit,25.7741728,-80.19362,37.7792588,-122.4193286
6559,Carrier W,Air,Los Angeles,Seattle,5,7,In Transit,34.0536909,-118.242766,47.6038321,-122.330062
6377,Carrier W,Ship,New York,Denver,3,17,In Transit,40.7127281,-74.0060152,39.7392364,-104.984862
6130,Carrier X,Truck,New York,San Francisco,7,17,Delayed,40.7127281,-74.0060152,37.7792588,-122.4193286
6508,Carrier Z,Truck,New York,Dallas,13,20,Delayed,40.7127281,-74.0060152,32.7762719,-96.7968559
6351,Carrier W,Ship,Miami,Denver,2,20,Delayed,25.7741728,-80.19362,39.7392364,-104.984862
6624,Carrier Z,Air,Chicago,Seattle,10,17,In Transit,41.8755616,-87.6244212,47.6038321,-122.330062
6446,Carrier X,Rail,Houston,Seattle,10,17,In Transit,29.7589382,-95.3676974,47.6038321,-122.330062
6112,Carrier Y,Rail,Miami,Denver,2,18,In Transit,25.7741728,-80.19362,39.7392364,-104.984862
6767,Carrier Z,Rail,Miami,Denver,9,2,In Transit,25.7741728,-80.19362,39.7392364,-104.984862
6493,Carrier X,Truck,Houston,Dallas,9,17,Delivered,29.7589382,-95.3676974,32.7762719,-96.7968559
6548,Carrier Z,Air,Chicago,Boston,13,4,Delayed,41.8755616,-87.6244212,42.3554334,-71.060511
6140,Carrier Z,Air,Los Angeles,San Francisco,14,9,In Transit,34.0536909,-118.242766,37.7792588,-122.4193286
6273,Carrier W,Ship,Houston,Denver,4,12,Delayed,29.7589382,-95.3676974,39.7392364,-104.984862
6210,Carrier Y,Ship,New York,Dallas,14,20,In Transit,40.7127281,-74.0060152,32.7762719,-96.7968559
6415,Carrier Z,Rail,Los Angeles,Dallas,2,17,In Transit,34.0536909,-118.242766,32.7762719,-96.7968559
6649,Carrier X,Truck,Miami,Dallas,8,12,Delayed,25.7741728,-80.19362,32.7762719,-96.7968559
6304,Carrier Z,Ship,Chicago,Denver,6,7,Delayed,41.8755616,-87.6244212,39.7392364,-104.984862
6519,Carrier Z,Air,Miami,San Francisco,14,2,In Transit,25.7741728,-80.19362,37.7792588,-122.4193286
6284,Carrier W,Rail,Houston,San Francisco,15,13,In Transit,29.7589382,-95.3676974,37.7792588,-122.4193286
6245,Carrier W,Rail,New York,Dallas,5,20,Delivered,40.7127281,-74.0060152,32.7762719,-96.7968559
6713,Carrier Z,Ship,Chicago,San Francisco,6,20,Delivered,41.8755616,-87.6244212,37.7792588,-122.4193286
6756,Carrier W,Truck,Miami,Dallas,3,18,In Transit,25.7741728,-80.19362,32.7762719,-96.7968559
6704,Carrier W,Ship,Chicago,Dallas,10,8,Delayed,41.8755616,-87.6244212,32.7762719,-96.7968559
6565,Carrier X,Truck,Houston,Denver,3,14,Delayed,29.7589382,-95.3676974,39.7392364,-104.984862
6180,Carrier X,Air,Chicago,Denver,5,12,Delivered,41.8755616,-87.6244212,39.7392364,-104.984862
6604,Carrier X,Air,Los Angeles,San Francisco,12,18,In Transit,34.0536909,-118.242766,37.7792588,-122.4193286
6713,Carrier Y,Air,Chicago,Denver,14,6,Delayed,41.8755616,-87.6244212,39.7392364,-104.984862
6446,Carrier Z,Ship,Los Angeles,Denver,14,11,In Transit,34.0536909,-118.242766,39.7392364,-104.984862
6488,Carrier W,Rail,Miami,Denver,15,17,Delivered,25.7741728,-80.19362,39.7392364,-104.984862
6034,Carrier Y,Air,New York,San Francisco,11,4,In Transit,40.7127281,-74.0060152,37.7792588,-122.4193286
6003,Carrier W,Truck,Houston,Boston,11,8,In Transit,29.7589382,-95.3676974,42.3554334,-71.060511
6353,Carrier Y,Truck,Chicago,Boston,11,5,Delivered,41.8755616,-87.6244212,42.3554334,-71.060511
6533,Carrier Y,Truck,Los Angeles,Dallas,7,19,Delivered,34.0536909,-118.242766,32.7762719,-96.7968559
6767,Carrier W,Rail,Los Angeles,Denver,15,20,Delayed,34.0536909,-118.242766,39.7392364,-104.984862
6204,Carrier Z,Truck,Miami,Seattle,8,16,Delayed,25.7741728,-80.19362,47.6038321,-122.330062
6013,Carrier X,Rail,Los Angeles,Boston,10,17,Delayed,34.0536909,-118.242766,42.3554334,-71.060511
6308,Carrier Y,Rail,Chicago,San Francisco,2,8,Delivered,41.8755616,-87.6244212,37.7792588,-122.4193286
6381,Carrier Y,Truck,New York,Boston,4,7,Delivered,40.7127281,-74.0060152,42.3554334,-71.060511
6699,Carrier Y,Rail,New York,Seattle,12,18,Delayed,40.7127281,-74.0060152,47.6038321,-122.330062
6214,Carrier X,Ship,New York,San Francisco,15,16,Delivered,40.7127281,-74.0060152,37.7792588,-122.4193286
6498,Carrier W,Rail,New York,Seattle,10,19,In Transit,40.7127281,-74.0060152,47.6038321,-122.330062
6569,Carrier Z,Air,New York,Denver,2,17,Delayed,40.7127281,-74.0060152,39.7392364,-104.984862
6205,Carrier Y,Truck,Chicago,Denver,6,19,In Transit,41.8755616,-87.6244212,39.7392364,-104.984862
6475,Carrier X,Ship,Miami,Dallas,12,11,In Transit,25.7741728,-80.19362,32.7762719,-96.7968559
6451,Carrier Y,Air,Miami,Seattle,8,12,Delayed,25.7741728,-80.19362,47.6038321,-122.330062
6617,Carrier Y,Rail,Chicago,Dallas,3,9,Delivered,41.8755616,-87.6244212,32.7762719,-96.7968559
6472,Carrier Y,Truck,Los Angeles,Dallas,15,1,Delayed,34.0536909,-118.242766,32.7762719,-96.7968559
6408,Carrier X,Truck,Miami,San Francisco,13,16,Delayed,25.7741728,-80.19362,37.7792588,-122.4193286
6202,Carrier Y,Truck,Chicago,San Francisco,4,20,In Transit,41.8755616,-87.6244212,37.7792588,-122.4193286
6573,Carrier W,Air,Chicago,Denver,1,6,In Transit,41.8755616,-87.6244212,39.7392364,-104.984862
6637,Carrier Z,Rail,Los Angeles,San Francisco,3,14,Delayed,34.0536909,-118.242766,37.7792588,-122.4193286
6344,Carrier Y,Rail,Chicago,Seattle,8,4,In Transit,41.8755616,-87.6244212,47.6038321,-122.330062
6670,Carrier X,Ship,Los Angeles,Dallas,1,5,In Transit,34.0536909,-118.242766,32.7762719,-96.7968559
6226,Carrier Z,Ship,Chicago,San Francisco,13,17,In Transit,41.8755616,-87.6244212,37.7792588,-122.4193286
6201,Carrier X,Air,Miami,Boston,12,9,In Transit,25.7741728,-80.19362,42.3554334,-71.060511
6514,Carrier W,Ship,Los Angeles,Dallas,1,11,In Transit,34.0536909,-118.242766,32.7762719,-96.7968559
6531,Carrier Y,Air,Los Angeles,Denver,4,2,In Transit,34.0536909,-118.242766,39.7392364,-104.984862
6652,Carrier Y,Truck,Houston,Dallas,7,1,Delayed,29.7589382,-95.3676974,32.7762719,-96.7968559
6218,Carrier W,Truck,Chicago,Boston,5,16,In Transit,41.8755616,-87.6244212,42.3554334,-71.060511
6121,Carrier X,Rail,Miami,Denver,12,16,Delayed,25.7741728,-80.19362,39.7392364,-104.984862
6218,Carrier W,Truck,New York,San Francisco,2,14,Delivered,40.7127281,-74.0060152,37.7792588,-122.4193286
6693,Carrier W,Air,Los Angeles,Dallas,1,14,Delivered,34.0536909,-118.242766,32.7762719,-96.7968559
6665,Carrier X,Truck,Los Angeles,Denver,5,5,Delivered,34.0536909,-118.242766,39.7392364,-104.984862
6636,Carrier W,Air,Miami,Denver,12,15,In Transit,25.7741728,-80.19362,39.7392364,-104.984862
6728,Carrier W,Ship,Los Angeles,Dallas,4,15,In Transit,34.0536909,-118.242766,32.7762719,-96.7968559
6329,Carrier Z,Truck,Houston,Dallas,2,16,Delayed,29.7589382,-95.3676974,32.7762719,-96.7968559
6006,Carrier X,Air,Chicago,Boston,2,20,Delivered,41.8755616,-87.6244212,42.3554334,-71.060511
6332,Carrier X,Air,Houston,Seattle,10,3,In Transit,29.7589382,-95.3676974,47.6038321,-122.330062
6480,Carrier X,Truck,New York,Dallas,3,20,Delivered,40.7127281,-74.0060152,32.7762719,-96.7968559
6172,Carrier Y,Rail,New York,Denver,2,8,Delayed,40.7127281,-74.0060152,39.7392364,-104.984862
6707,Carrier Z,Rail,Chicago,Seattle,4,5,Delivered,41.8755616,-87.6244212,47.6038321,-122.330062
6176,Carrier Z,Truck,Miami,Seattle,9,8,Delivered,25.7741728,-80.19362,47.6038321,-122.330062
6659,Carrier Z,Rail,Houston,San Francisco,2,6,Delayed,29.7589382,-95.3676974,37.7792588,-122.4193286
6449,Carrier Z,Truck,New York,Dallas,5,19,Delivered,40.7127281,-74.0060152,32.7762719,-96.7968559
6555,Carrier Z,Ship,Los Angeles,San Francisco,4,19,Delivered,34.0536909,-118.242766,37.7792588,-122.4193286
6232,Carrier X,Rail,Miami,Denver,6,18,Delayed,25.7741728,-80.19362,39.7392364,-104.984862
6775,Carrier Y,Air,Los Angeles,Dallas,9,1,Delivered,34.0536909,-118.242766,32.7762719,-96.7968559
6645,Carrier Z,Truck,Los Angeles,Denver,11,2,Delayed,34.0536909,-118.242766,39.7392364,-104.984862
6097,Carrier Z,Air,Miami,Dallas,7,14,In Transit,25.7741728,-80.19362,32.7762719,-96.7968559
6400,Carrier X,Air,Miami,Dallas,11,12,Delayed,25.7741728,-80.19362,32.7762719,-96.7968559
6379,Carrier Z,Air,New York,Seattle,1,3,Delayed,40.7127281,-74.0060152,47.6038321,-122.330062
6002,Carrier X,Ship,Chicago,Denver,10,17,Delivered,41.8755616,-87.6244212,39.7392364,-104.984862
6082,Carrier X,Air,Los Angeles,Dallas,8,14,Delivered,34.0536909,-118.242766,32.7762719,-96.7968559
6427,Carrier Y,Ship,Los Angeles,Dallas,3,6,In Transit,34.0536909,-118.242766,32.7762719,-96.7968559
6578,Carrier X,Ship,New York,Seattle,5,10,In Transit,40.7127281,-74.0060152,47.6038321,-122.330062
6371,Carrier W,Air,Miami,Boston,11,6,Delivered,25.7741728,-80.19362,42.3554334,-71.060511
6341,Carrier W,Air,Miami,Dallas,6,17,Delivered,25.7741728,-80.19362,32.7762719,-96.7968559
6791,Carrier X,Air,Houston,Dallas,13,15,Delivered,29.7589382,-95.3676974,32.7762719,-96.7968559
6609,Carrier Y,Air,New York,Seattle,1,13,Delayed,40.7127281,-74.0060152,47.6038321,-122.330062
6033,Carrier X,Ship,Houston,San Francisco,12,14,Delayed,29.7589382,-95.3676974,37.7792588,-122.4193286
6657,Carrier X,Air,Chicago,San Francisco,13,6,Delayed,41.8755616,-87.6244212,37.7792588,-122.4193286
6594,Carrier Z,Air,Miami,Dallas,1,14,Delivered,25.7741728,-80.19362,32.7762719,-96.7968559
6739,Carrier Z,Ship,New York,Denver,1,18,In Transit,40.7127281,-74.0060152,39.7392364,-104.984862
6652,Carrier X,Ship,Chicago,Boston,5,20,In Transit,41.8755616,-87.6244212,42.3554334,-71.060511
6727,Carrier X,Truck,Los Angeles,San Francisco,1,11,In Transit,34.0536909,-118.242766,37.7792588,-122.4193286
6661,Carrier Z,Rail,New York,Boston,10,6,Delayed,40.7127281,-74.0060152,42.3554334,-71.060511
6102,Carrier Y,Rail,Los Angeles,Boston,7,18,Delayed,34.0536909,-118.242766,42.3554334,-71.060511
6111,Carrier Z,Truck,New York,Seattle,2,14,Delayed,40.7127281,-74.0060152,47.6038321,-122.330062
6682,Carrier X,Air,Houston,Denver,10,10,Delayed,29.7589382,-95.3676974,39.7392364,-104.984862
6759,Carrier X,Rail,New York,Denver,11,6,Delivered,40.7127281,-74.0060152,39.7392364,-104.984862
6499,Carrier Z,Truck,Houston,Denver,15,7,Delivered,29.7589382,-95.3676974,39.7392364,-104.984862
6178,Carrier X,Rail,New York,Boston,13,5,Delayed,40.7127281,-74.0060152,42.3554334,-71.060511
6281,Carrier Y,Air,Miami,Seattle,2,9,Delayed,25.7741728,-80.19362,47.6038321,-122.330062
6493,Carrier W,Air,Miami,Dallas,15,9,In Transit,25.7741728,-80.19362,32.7762719,-96.7968559
6497,Carrier Z,Rail,Houston,Denver,15,20,In Transit,29.7589382,-95.3676974,39.7392364,-104.984862
6235,Carrier W,Ship,Chicago,Denver,10,16,In Transit,41.8755616,-87.6244212,39.7392364,-104.984862
6620,Carrier Z,Rail,Miami,Seattle,14,9,Delayed,25.7741728,-80.19362,47.6038321,-122.330062
6404,Carrier X,Rail,Los Angeles,San Francisco,14,14,Delivered,34.0536909,-118.242766,37.7792588,-122.4193286
6701,Carrier X,Ship,Houston,Dallas,13,7,In Transit,29.7589382,-95.3676974,32.7762719,-96.7968559
6117,Carrier X,Truck,Houston,Denver,1,8,Delayed,29.7589382,-95.3676974,39.7392364,-104.984862
6706,Carrier Y,Rail,Los Angeles,Dallas,15,6,In Transit,34.0536909,-118.242766,32.7762719,-96.7968559
6217,Carrier W,Air,Los Angeles,Denver,12,2,In Transit,34.0536909,-118.242766,39.7392364,-104.984862
6347,Carrier Y,Rail,Miami,Seattle,4,4,Delayed,25.7741728,-80.19362,47.6038321,-122.330062
6035,Carrier X,Truck,Houston,Dallas,4,9,Delayed,29.7589382,-95.3676974,32.7762719,-96.7968559
6607,Carrier X,Rail,Miami,Boston,14,11,Delivered,25.7741728,-80.19362,42.3554334,-71.060511
6239,Carrier W,Rail,Miami,Dallas,6,8,Delivered,25.7741728,-80.19362,32.7762719,-96.7968559
6784,Carrier X,Truck,Miami,Seattle,1,18,Delayed,25.7741728,-80.19362,47.6038321,-122.330062
6492,Carrier W,Ship,Houston,Dallas,3,18,Delivered,29.7589382,-95.3676974,32.7762719,-96.7968559
6277,Carrier X,Rail,New York,Denver,5,20,In Transit,40.7127281,-74.0060152,39.7392364,-104.984862
6057,Carrier Y,Air,Chicago,Denver,2,20,Delivered,41.8755616,-87.6244212,39.7392364,-104.984862
6147,Carrier X,Rail,Chicago,San Francisco,2,12,In Transit,41.8755616,-87.6244212,37.7792588,-122.4193286
6239,Carrier X,Air,Los Angeles,Boston,15,6,Delivered,34.0536909,-118.242766,42.3554334,-71.060511
6383,Carrier X,Ship,Los Angeles,San Francisco,14,18,Delivered,34.0536909,-118.242766,37.7792588,-122.4193286
6652,Carrier X,Rail,New York,Denver,3,14,Delivered,40.7127281,-74.0060152,39.7392364,-104.984862
6129,Carrier Y,Ship,New York,Seattle,9,10,Delivered,40.7127281,-74.0060152,47.6038321,-122.330062
6508,Carrier Y,Air,Miami,Seattle,11,3,Delayed,25.7741728,-80.19362,47.6038321,-122.330062
6214,Carrier W,Air,Los Angeles,Seattle,4,5,In Transit,34.0536909,-118.242766,47.6038321,-122.330062
6586,Carrier Y,Air,Chicago,Boston,2,11,Delayed,41.8755616,-87.6244212,42.3554334,-71.060511
6521,Carrier W,Rail,Miami,Denver,3,17,In Transit,25.7741728,-80.19362,39.7392364,-104.984862
6498,Carrier W,Ship,Chicago,Seattle,5,14,Delivered,41.8755616,-87.6244212,47.6038321,-122.330062
6340,Carrier Z,Truck,Houston,San Francisco,13,20,In Transit,29.7589382,-95.3676974,37.7792588,-122.4193286
6523,Carrier W,Air,Chicago,Denver,4,10,Delivered,41.8755616,-87.6244212,39.7392364,-104.984862
6003,Carrier X,Truck,Los Angeles,Boston,2,7,Delayed,34.0536909,-118.242766,42.3554334,-71.060511
6434,Carrier W,Ship,Miami,Dallas,4,6,Delayed,25.7741728,-80.19362,32.7762719,-96.7968559
6048,Carrier W,Ship,Miami,Boston,1,6,Delivered,25.7741728,-80.19362,42.3554334,-71.060511
6225,Carrier X,Truck,Los Angeles,Seattle,15,9,Delivered,34.0536909,-118.242766,47.6038321,-122.330062
6326,Carrier Z,Truck,Los Angeles,Denver,14,9,Delivered,34.0536909,-118.242766,39.7392364,-104.984862
6430,Carrier W,Air,Houston,Boston,10,3,In Transit,29.7589382,-95.3676974,42.3554334,-71.060511
6083,Carrier X,Truck,Miami,San Francisco,14,11,Delivered,25.7741728,-80.19362,37.7792588,-122.4193286
6146,Carrier Y,Rail,Houston,Dallas,6,9,Delayed,29.7589382,-95.3676974,32.7762719,-96.7968559
6728,Carrier W,Air,Los Angeles,Boston,5,9,Delayed,34.0536909,-118.242766,42.3554334,-71.060511
6243,Carrier W,Air,Miami,Boston,14,16,Delayed,25.7741728,-80.19362,42.3554334,-71.060511
6531,Carrier Y,Air,Chicago,Dallas,15,17,In Transit,41.8755616,-87.6244212,32.7762719,-96.7968559
6483,Carrier Y,Air,Los Angeles,Dallas,6,10,Delayed,34.0536909,-118.242766,32.7762719,-96.7968559
6024,Carrier Z,Ship,Miami,San Francisco,13,19,In Transit,25.7741728,-80.19362,37.7792588,-122.4193286
6371,Carrier Y,Ship,Miami,San Francisco,14,2,Delivered,25.7741728,-80.19362,37.7792588,-122.4193286
6297,Carrier X,Rail,Miami,San Francisco,2,19,Delayed,25.7741728,-80.19362,37.7792588,-122.4193286
6036,Carrier W,Ship,Chicago,Boston,3,13,Delayed,41.8755616,-87.6244212,42.3554334,-71.060511
6201,Carrier Y,Ship,Chicago,Denver,14,9,In Transit,41.8755616,-87.6244212,39.7392364,-104.984862
6198,Carrier Z,Ship,Los Angeles,Boston,4,5,Delivered,34.0536909,-118.242766,42.3554334,-71.060511
6120,Carrier X,Air,Miami,Denver,11,7,Delivered,25.7741728,-80.19362,39.7392364,-104.984862
6233,Carrier Y,Air,Miami,Dallas,1,16,Delivered,25.7741728,-80.19362,32.7762719,-96.7968559
6037,Carrier Z,Air,Houston,Dallas,14,1,Delivered,29.7589382,-95.3676974,32.7762719,-96.7968559
6129,Carrier Z,Truck,Chicago,Denver,2,2,In Transit,41.8755616,-87.6244212,39.7392364,-104.984862
6736,Carrier W,Rail,Houston,San Francisco,9,10,Delayed,29.7589382,-95.3676974,37.7792588,-122.4193286
6241,Carrier Y,Truck,Los Angeles,Seattle,11,2,Delayed,34.0536909,-118.242766,47.6038321,-122.330062
6496,Carrier W,Truck,Los Angeles,San Francisco,12,19,In Transit,34.0536909,-118.242766,37.7792588,-122.4193286
6379,Carrier X,Rail,Los Angeles,Dallas,13,4,Delivered,34.0536909,-118.242766,32.7762719,-96.7968559
6782,Carrier W,Rail,Chicago,Seattle,8,11,Delivered,41.8755616,-87.6244212,47.6038321,-122.330062
6308,Carrier Z,Ship,New York,San Francisco,1,15,Delivered,40.7127281,-74.0060152,37.7792588,-122.4193286
6486,Carrier Y,Air,New York,Denver,7,2,Delayed,40.7127281,-74.0060152,39.7392364,-104.984862
6720,Carrier W,Ship,Houston,Dallas,5,8,Delivered,29.7589382,-95.3676974,32.7762719,-96.7968559
6440,Carrier Y,Rail,Los Angeles,Seattle,6,8,Delivered,34.0536909,-118.242766,47.6038321,-122.330062
6714,Carrier W,Rail,Chicago,Boston,11,17,In Transit,41.8755616,-87.6244212,42.3554334,-71.060511
6653,Carrier W,Truck,Chicago,Seattle,14,16,Delayed,41.8755616,-87.6244212,47.6038321,-122.330062
6251,Carrier W,Ship,Miami,Seattle,9,5,Delayed,25.7741728,-80.19362,47.6038321,-122.330062
6584,Carrier Y,Ship,New York,San Francisco,1,19,Delayed,40.7127281,-74.0060152,37.7792588,-122.4193286
6197,Carrier X,Air,Houston,Denver,6,18,Delivered,29.7589382,-95.3676974,39.7392364,-104.984862
6422,Carrier Z,Air,Houston,Boston,1,3,Delayed,29.7589382,-95.3676974,42.3554334,-71.060511
6139,Carrier W,Air,Chicago,San Francisco,12,6,Delivered,41.8755616,-87.6244212,37.7792588,-122.4193286
6519,Carrier W,Rail,Los Angeles,Seattle,6,16,In Transit,34.0536909,-118.242766,47.6038321,-122.330062
6111,Carrier Y,Air,New York,Boston,4,9,Delivered,40.7127281,-74.0060152,42.3554334,-71.060511
6540,Carrier X,Air,Houston,Seattle,5,14,Delivered,29.7589382,-95.3676974,47.6038321,-122.330062
6491,Carrier W,Ship,Chicago,Boston,4,13,Delivered,41.8755616,-87.6244212,42.3554334,-71.060511
6333,Carrier W,Rail,Miami,Denver,13,20,Delayed,25.7741728,-80.19362,39.7392364,-104.984862
6434,Carrier W,Truck,Los Angeles,Denver,15,2,Delivered,34.0536909,-118.242766,39.7392364,-104.984862
6113,Carrier X,Truck,Miami,San Francisco,4,1,Delivered,25.7741728,-80.19362,37.7792588,-122.4193286
6011,Carrier W,Truck,Los Angeles,San Francisco,11,12,In Transit,34.0536909,-118.242766,37.7792588,-122.4193286
6010,Carrier X,Air,New York,Seattle,13,1,Delayed,40.7127281,-74.0060152,47.6038321,-122.330062
6765,Carrier Y,Truck,Chicago,Boston,1,12,Delayed,41.8755616,-87.6244212,42.3554334,-71.060511
6348,Carrier Z,Ship,Los Angeles,Dallas,12,8,In Transit,34.0536909,-118.242766,32.7762719,-96.7968559
6292,Carrier X,Ship,Houston,San Francisco,8,10,Delayed,29.7589382,-95.3676974,37.7792588,-122.4193286
6202,Carrier Y,Air,Houston,Dallas,11,6,Delayed,29.7589382,-95.3676974,32.7762719,-96.7968559
6546,Carrier Z,Rail,Miami,Denver,14,12,Delivered,25.7741728,-80.19362,39.7392364,-104.984862
6395,Carrier Z,Air,Houston,Dallas,15,9,Delivered,29.7589382,-95.3676974,32.7762719,-96.7968559
6283,Carrier X,Truck,Los Angeles,San Francisco,13,8,Delayed,34.0536909,-118.242766,37.7792588,-122.4193286
6130,Carrier Y,Ship,Houston,Boston,4,17,Delayed,29.7589382,-95.3676974,42.3554334,-71.060511
6613,Carrier Z,Rail,Los Angeles,Denver,5,7,Delivered,34.0536909,-118.242766,39.7392364,-104.984862
6153,Carrier Z,Ship,Miami,Dallas,3,19,Delayed,25.7741728,-80.19362,32.7762719,-96.7968559
6475,Carrier Y,Rail,Los Angeles,Boston,7,15,Delivered,34.0536909,-118.242766,42.3554334,-71.060511
6446,Carrier Z,Air,Chicago,Boston,14,10,Delivered,41.8755616,-87.6244212,42.3554334,-71.060511
6578,Carrier Y,Air,Houston,Seattle,12,20,In Transit,29.7589382,-95.3676974,47.6038321,-122.330062
6366,Carrier X,Ship,Houston,Denver,12,9,Delayed,29.7589382,-95.3676974,39.7392364,-104.984862
6235,Carrier X,Air,Houston,Denver,4,19,In Transit,29.7589382,-95.3676974,39.7392364,-104.984862
6056,Carrier X,Rail,Miami,Boston,1,19,Delivered,25.7741728,-80.19362,42.3554334,-71.060511
6306,Carrier X,Air,Los Angeles,Seattle,9,14,In Transit,34.0536909,-118.242766,47.6038321,-122.330062
6285,Carrier Y,Ship,Houston,Seattle,15,11,In Transit,29.7589382,-95.3676974,47.6038321,-122.330062
6643,Carrier W,Truck,New York,Denver,6,3,In Transit,40.7127281,-74.0060152,39.7392364,-104.984862
6361,Carrier X,Ship,Miami,Seattle,12,3,Delayed,25.7741728,-80.19362,47.6038321,-122.330062
6593,Carrier Y,Rail,Houston,Seattle,1,17,Delayed,29.7589382,-95.3676974,47.6038321,-122.330062
6276,Carrier X,Air,New York,Dallas,9,9,In Transit,40.7127281,-74.0060152,32.7762719,-96.7968559
6705,Carrier Y,Rail,Chicago,Seattle,8,13,In Transit,41.8755616,-87.6244212,47.6038321,-122.330062
6472,Carrier X,Rail,Miami,Dallas,14,4,Delayed,25.7741728,-80.19362,32.7762719,-96.7968559
6741,Carrier Y,Truck,Miami,Seattle,3,18,In Transit,25.7741728,-80.19362,47.6038321,-122.330062
6118,Carrier Z,Rail,Houston,Dallas,15,2,In Transit,29.7589382,-95.3676974,32.7762719,-96.7968559
6290,Carrier W,Air,New York,Dallas,13,20,In Transit,40.7127281,-74.0060152,32.7762719,-96.7968559
6226,Carrier W,Air,Miami,Dallas,15,19,Delivered,25.7741728,-80.19362,32.7762719,-96.7968559
6451,Carrier W,Air,Chicago,Dallas,5,19,In Transit,41.8755616,-87.6244212,32.7762719,-96.7968559
6714,Carrier W,Rail,Houston,Denver,11,18,Delayed,29.7589382,-95.3676974,39.7392364,-104.984862
6352,Carrier W,Air,Miami,Boston,2,15,Delivered,25.7741728,-80.19362,42.3554334,-71.060511
6457,Carrier W,Air,Miami,Boston,9,11,In Transit,25.7741728,-80.19362,42.3554334,-71.060511
6420,Carrier W,Ship,Miami,Boston,14,6,In Transit,25.7741728,-80.19362,42.3554334,-71.060511
6581,Carrier W,Truck,Miami,Dallas,5,4,Delayed,25.7741728,-80.19362,32.7762719,-96.7968559
6472,Carrier Z,Rail,Los Angeles,Seattle,15,5,Delivered,34.0536909,-118.242766,47.6038321,-122.330062
6359,Carrier Y,Truck,Los Angeles,San Francisco,1,4,In Transit,34.0536909,-118.242766,37.7792588,-122.4193286
6727,Carrier W,Air,Miami,Seattle,6,13,Delivered,25.7741728,-80.19362,47.6038321,-122.330062
6790,Carrier X,Rail,Miami,Seattle,1,19,Delivered,25.7741728,-80.19362,47.6038321,-122.330062
6613,Carrier Y,Ship,Miami,Dallas,1,19,Delayed,25.7741728,-80.19362,32.7762719,-96.7968559
6576,Carrier Y,Ship,Chicago,Boston,12,16,Delivered,41.8755616,-87.6244212,42.3554334,-71.060511
6048,Carrier Y,Ship,New York,Denver,5,13,Delayed,40.7127281,-74.0060152,39.7392364,-104.984862
6453,Carrier X,Air,Houston,Dallas,1,5,In Transit,29.7589382,-95.3676974,32.7762719,-96.7968559
6159,Carrier Z,Ship,New York,San Francisco,5,10,Delayed,40.7127281,-74.0060152,37.7792588,-122.4193286
6664,Carrier Z,Truck,Miami,Denver,9,13,Delayed,25.7741728,-80.19362,39.7392364,-104.984862
6586,Carrier X,Ship,Los Angeles,Boston,12,19,In Transit,34.0536909,-118.242766,42.3554334,-71.060511
6423,Carrier Y,Ship,Chicago,San Francisco,8,13,Delivered,41.8755616,-87.6244212,37.7792588,-122.4193286
6220,Carrier X,Ship,Houston,Dallas,13,7,In Transit,29.7589382,-95.3676974,32.7762719,-96.7968559
6146,Carrier W,Air,Miami,San Francisco,10,16,In Transit,25.7741728,-80.19362,37.7792588,-122.4193286
6126,Carrier Y,Ship,Los Angeles,Seattle,8,1,Delayed,34.0536909,-118.242766,47.6038321,-122.330062
6593,Carrier W,Ship,Los Angeles,Seattle,12,9,Delivered,34.0536909,-118.242766,47.6038321,-122.330062
6278,Carrier Z,Air,New York,Denver,5,4,In Transit,40.7127281,-74.0060152,39.7392364,-104.984862
6777,Carrier Y,Air,New York,Dallas,5,2,Delivered,40.7127281,-74.0060152,32.7762719,-96.7968559
6309,Carrier W,Air,Los Angeles,Seattle,14,15,In Transit,34.0536909,-118.242766,47.6038321,-122.330062
6434,Carrier W,Air,New York,San Francisco,5,14,Delivered,40.7127281,-74.0060152,37.7792588,-122.4193286
6723,Carrier Z,Air,Miami,Seattle,3,7,In Transit,25.7741728,-80.19362,47.6038321,-122.330062
6053,Carrier Y,Truck,Chicago,Denver,9,15,Delivered,41.8755616,-87.6244212,39.7392364,-104.984862
6543,Carrier Y,Air,Chicago,Denver,6,2,Delivered,41.8755616,-87.6244212,39.7392364,-104.984862
6689,Carrier Z,Truck,Houston,Dallas,7,6,In Transit,29.7589382,-95.3676974,32.7762719,-96.7968559
6090,Carrier X,Truck,New York,Dallas,1,19,Delayed,40.7127281,-74.0060152,32.7762719,-96.7968559
6382,Carrier Z,Truck,Los Angeles,San Francisco,3,13,Delivered,34.0536909,-118.242766,37.7792588,-122.4193286
6172,Carrier Y,Air,Miami,San Francisco,2,7,In Transit,25.7741728,-80.19362,37.7792588,-122.4193286
6469,Carrier Y,Rail,Chicago,Denver,4,19,In Transit,41.8755616,-87.6244212,39.7392364,-104.984862
6318,Carrier X,Truck,Chicago,Denver,14,3,Delayed,41.8755616,-87.6244212,39.7392364,-104.984862
6614,Carrier Z,Truck,Los Angeles,San Francisco,4,3,Delayed,34.0536909,-118.242766,37.7792588,-122.4193286
6076,Carrier W,Air,New York,Dallas,8,15,Delayed,40.7127281,-74.0060152,32.7762719,-96.7968559
6667,Carrier W,Truck,Los Angeles,Boston,3,10,In Transit,34.0536909,-118.242766,42.3554334,-71.060511
6414,Carrier X,Rail,Miami,San Francisco,10,8,In Transit,25.7741728,-80.19362,37.7792588,-122.4193286
6412,Carrier Z,Ship,Los Angeles,San Francisco,12,15,Delivered,34.0536909,-118.242766,37.7792588,-122.4193286
6290,Carrier Y,Air,Los Angeles,Seattle,13,12,In Transit,34.0536909,-118.242766,47.6038321,-122.330062
6121,Carrier X,Rail,New York,Dallas,1,20,Delivered,40.7127281,-74.0060152,32.7762719,-96.7968559
6368,Carrier Z,Truck,Houston,Boston,11,4,In Transit,29.7589382,-95.3676974,42.3554334,-71.060511
6652,Carrier W,Truck,Chicago,Denver,1,5,Delayed,41.8755616,-87.6244212,39.7392364,-104.984862
6380,Carrier W,Rail,New York,Seattle,3,13,In Transit,40.7127281,-74.0060152,47.6038321,-122.330062
6473,Carrier X,Rail,Los Angeles,Dallas,14,8,Delayed,34.0536909,-118.242766,32.7762719,-96.7968559
6613,Carrier Z,Rail,New York,Seattle,8,19,Delivered,40.7127281,-74.0060152,47.6038321,-122.330062
6257,Carrier X,Truck,Los Angeles,Seattle,1,14,Delivered,34.0536909,-118.242766,47.6038321,-122.330062
6691,Carrier Z,Truck,Chicago,Seattle,1,20,In Transit,41.8755616,-87.6244212,47.6038321,-122.330062
6219,Carrier W,Air,Los Angeles,San Francisco,1,9,Delivered,34.0536909,-118.242766,37.7792588,-122.4193286
6565,Carrier Z,Air,Los Angeles,Dallas,12,10,In Transit,34.0536909,-118.242766,32.7762719,-96.7968559
6629,Carrier W,Rail,Los Angeles,Seattle,7,7,In Transit,34.0536909,-118.242766,47.6038321,-122.330062
6679,Carrier Z,Ship,Houston,Seattle,4,2,Delayed,29.7589382,-95.3676974,47.6038321,-122.330062
6325,Carrier Z,Rail,New York,Boston,5,15,Delivered,40.7127281,-74.0060152,42.3554334,-71.060511
6312,Carrier W,Rail,Chicago,San Francisco,4,18,In Transit,41.8755616,-87.6244212,37.7792588,-122.4193286
6286,Carrier Y,Truck,Los Angeles,Dallas,2,16,In Transit,34.0536909,-118.242766,32.7762719,-96.7968559
6102,Carrier Y,Air,Chicago,Boston,10,2,In Transit,41.8755616,-87.6244212,42.3554334,-71.060511
6249,Carrier X,Rail,Houston,San Francisco,5,6,In Transit,29.7589382,-95.3676974,37.7792588,-122.4193286
6497,Carrier W,Air,Houston,Denver,11,16,Delivered,29.7589382,-95.3676974,39.7392364,-104.984862
6634,Carrier X,Rail,New York,Denver,5,18,In Transit,40.7127281,-74.0060152,39.7392364,-104.984862
6726,Carrier W,Truck,Chicago,Seattle,4,11,Delivered,41.8755616,-87.6244212,47.6038321,-122.330062
6091,Carrier X,Rail,Houston,Boston,15,18,In Transit,29.7589382,-95.3676974,42.3554334,-71.060511
6505,Carrier X,Truck,Los Angeles,Dallas,8,15,In Transit,34.0536909,-118.242766,32.7762719,-96.7968559
6720,Carrier X,Truck,New York,Dallas,13,2,Delayed,40.7127281,-74.0060152,32.7762719,-96.7968559
6192,Carrier Y,Truck,Chicago,Denver,12,18,In Transit,41.8755616,-87.6244212,39.7392364,-104.984862
6702,Carrier Y,Ship,New York,Boston,2,16,Delayed,40.7127281,-74.0060152,42.3554334,-71.060511
6187,Carrier Y,Truck,Houston,Denver,7,5,Delivered,29.7589382,-95.3676974,39.7392364,-104.984862
6467,Carrier W,Truck,Chicago,Denver,2,4,Delivered,41.8755616,-87.6244212,39.7392364,-104.984862
6298,Carrier W,Ship,Chicago,Dallas,14,16,Delivered,41.8755616,-87.6244212,32.7762719,-96.7968559
6667,Carrier Z,Ship,Chicago,San Francisco,6,10,Delivered,41.8755616,-87.6244212,37.7792588,-122.4193286
6652,Carrier X,Air,Houston,Denver,1,10,Delayed,29.7589382,-95.3676974,39.7392364,-104.984862
6461,Carrier Y,Truck,Miami,Denver,6,12,Delivered,25.7741728,-80.19362,39.7392364,-104.984862
6027,Carrier Y,Truck,Houston,San Francisco,7,3,Delayed,29.7589382,-95.3676974,37.7792588,-122.4193286
6496,Carrier Z,Ship,Miami,Boston,4,3,Delayed,25.7741728,-80.19362,42.3554334,-71.060511
6346,Carrier Y,Ship,Miami,Denver,2,16,Delayed,25.7741728,-80.19362,39.7392364,-104.984862
6731,Carrier X,Rail,New York,Seattle,15,5,Delivered,40.7127281,-74.0060152,47.6038321,-122.330062
6094,Carrier W,Rail,Houston,Dallas,10,5,Delayed,29.7589382,-95.3676974,32.7762719,-96.7968559
6138,Carrier Y,Rail,Chicago,Dallas,2,6,In Transit,41.8755616,-87.6244212,32.7762719,-96.7968559
6754,Carrier W,Truck,Houston,Dallas,9,11,In Transit,29.7589382,-95.3676974,32.7762719,-96.7968559
6037,Carrier Y,Rail,Houston,San Francisco,6,16,Delayed,29.7589382,-95.3676974,37.7792588,-122.4193286
6628,Carrier Z,Ship,New York,Seattle,3,11,Delivered,40.7127281,-74.0060152,47.6038321,-122.330062
6091,Carrier Y,Ship,Miami,Dallas,10,5,Delayed,25.7741728,-80.19362,32.7762719,-96.7968559
6172,Carrier Z,Air,Houston,Denver,13,6,Delayed,29.7589382,-95.3676974,39.7392364,-104.984862
6299,Carrier X,Air,Los Angeles,Dallas,6,20,In Transit,34.0536909,-118.242766,32.7762719,-96.7968559
6430,Carrier X,Rail,Miami,Boston,2,17,In Transit,25.7741728,-80.19362,42.3554334,-71.060511
6759,Carrier Z,Rail,Los Angeles,Dallas,3,5,In Transit,34.0536909,-118.242766,32.7762719,-96.7968559
6172,Carrier Z,Ship,New York,Dallas,3,5,Delivered,40.7127281,-74.0060152,32.7762719,-96.7968559
6033,Carrier X,Rail,New York,Denver,14,5,In Transit,40.7127281,-74.0060152,39.7392364,-104.984862
6475,Carrier Y,Air,Miami,Denver,9,6,Delivered,25.7741728,-80.19362,39.7392364,-104.984862
6788,Carrier Y,Air,Houston,Seattle,3,19,In Transit,29.7589382,-95.3676974,47.6038321,-122.330062
6353,Carrier Y,Air,Miami,Seattle,6,18,Delivered,25.7741728,-80.19362,47.6038321,-122.330062
6054,Carrier Y,Ship,New York,Seattle,4,18,In Transit,40.7127281,-74.0060152,47.6038321,-122.330062
6048,Carrier Z,Ship,Miami,San Francisco,13,14,In Transit,25.7741728,-80.19362,37.7792588,-122.4193286
6000,Carrier W,Ship,Miami,San Francisco,10,20,Delayed,25.7741728,-80.19362,37.7792588,-122.4193286
6473,Carrier X,Truck,Chicago,Denver,5,1,Delivered,41.8755616,-87.6244212,39.7392364,-104.984862
6798,Carrier W,Rail,Miami,San Francisco,8,16,Delayed,25.7741728,-80.19362,37.7792588,-122.4193286
6380,Carrier X,Truck,Los Angeles,Denver,8,17,Delivered,34.0536909,-118.242766,39.7392364,-104.984862
6093,Carrier Z,Ship,Miami,Denver,12,1,Delivered,25.7741728,-80.19362,39.7392364,-104.984862
6493,Carrier Z,Ship,Chicago,Seattle,6,6,Delayed,41.8755616,-87.6244212,47.6038321,-122.330062
6131,Carrier Y,Ship,Miami,San Francisco,13,17,Delayed,25.7741728,-80.19362,37.7792588,-122.4193286
6795,Carrier Y,Ship,New York,Dallas,10,12,In Transit,40.7127281,-74.0060152,32.7762719,-96.7968559
6342,Carrier W,Rail,Miami,San Francisco,8,7,Delayed,25.7741728,-80.19362,37.7792588,-122.4193286
6280,Carrier X,Air,Chicago,Dallas,5,11,Delivered,41.8755616,-87.6244212,32.7762719,-96.7968559
6330,Carrier Z,Rail,Los Angeles,Seattle,15,11,In Transit,34.0536909,-118.242766,47.6038321,-122.330062
6489,Carrier W,Rail,Miami,Seattle,8,16,Delayed,25.7741728,-80.19362,47.6038321,-122.330062
6291,Carrier Y,Rail,Miami,San Francisco,6,2,Delayed,25.7741728,-80.19362,37.7792588,-122.4193286
6236,Carrier X,Truck,Chicago,Denver,6,11,In Transit,41.8755616,-87.6244212,39.7392364,-104.984862
6680,Carrier Y,Truck,Los Angeles,Dallas,15,16,Delivered,34.0536909,-118.242766,32.7762719,-96.7968559
6513,Carrier W,Truck,Miami,Boston,4,1,In Transit,25.7741728,-80.19362,42.3554334,-71.060511
6501,Carrier X,Rail,Chicago,San Francisco,10,13,Delivered,41.8755616,-87.6244212,37.7792588,-122.4193286
6065,Carrier Z,Rail,Chicago,Dallas,5,13,In Transit,41.8755616,-87.6244212,32.7762719,-96.7968559
6772,Carrier X,Truck,New York,Denver,3,20,Delayed,40.7127281,-74.0060152,39.7392364,-104.984862
6686,Carrier Z,Truck,Houston,Denver,3,3,In Transit,29.7589382,-95.3676974,39.7392364,-104.984862
6090,Carrier X,Truck,Chicago,Seattle,4,4,Delivered,41.8755616,-87.6244212,47.6038321,-122.330062
6036,Carrier Z,Air,New York,Seattle,9,3,Delivered,40.7127281,-74.0060152,47.6038321,-122.330062
6548,Carrier X,Ship,Miami,Denver,4,17,In Transit,25.7741728,-80.19362,39.7392364,-104.984862
6298,Carrier X,Ship,Miami,San Francisco,7,4,Delayed,25.7741728,-80.19362,37.7792588,-122.4193286
6655,Carrier Y,Ship,Los Angeles,Dallas,6,17,In Transit,34.0536909,-118.242766,32.7762719,-96.7968559
6347,Carrier Y,Air,Houston,San Francisco,15,5,Delivered,29.7589382,-95.3676974,37.7792588,-122.4193286
6304,Carrier Z,Ship,Houston,Denver,5,7,In Transit,29.7589382,-95.3676974,39.7392364,-104.984862
6537,Carrier W,Ship,Miami,Boston,11,18,In Transit,25.7741728,-80.19362,42.3554334,-71.060511
6207,Carrier Z,Air,Houston,Seattle,12,2,Delayed,29.7589382,-95.3676974,47.6038321,-122.330062
6371,Carrier Z,Truck,Houston,Denver,14,8,Delivered,29.7589382,-95.3676974,39.7392364,-104.984862
6242,Carrier Y,Air,Chicago,Seattle,6,8,In Transit,41.8755616,-87.6244212,47.6038321,-122.330062
6446,Carrier Y,Ship,New York,Seattle,2,2,Delayed,40.7127281,-74.0060152,47.6038321,-122.330062
6749,Carrier Y,Truck,Houston,San Francisco,12,11,In Transit,29.7589382,-95.3676974,37.7792588,-122.4193286
6198,Carrier Z,Air,Los Angeles,Seattle,13,3,Delayed,34.0536909,-118.242766,47.6038321,-122.330062
6778,Carrier Z,Rail,Los Angeles,Denver,13,1,In Transit,34.0536909,-118.242766,39.7392364,-104.984862
6243,Carrier X,Air,Miami,Dallas,11,8,Delayed,25.7741728,-80.19362,32.7762719,-96.7968559
6146,Carrier W,Air,Los Angeles,Denver,8,6,Delayed,34.0536909,-118.242766,39.7392364,-104.984862
6450,Carrier X,Air,Miami,San Francisco,7,12,Delivered,25.7741728,-80.19362,37.7792588,-122.4193286
6416,Carrier Z,Ship,New York,San Francisco,10,1,Delivered,40.7127281,-74.0060152,37.7792588,-122.4193286
6318,Carrier W,Air,Los Angeles,Denver,13,4,Delayed,34.0536909,-118.242766,39.7392364,-104.984862
6151,Carrier Y,Truck,Miami,San Francisco,5,6,In Transit,25.7741728,-80.19362,37.7792588,-122.4193286
6736,Carrier Z,Truck,New York,San Francisco,6,14,In Transit,40.7127281,-74.0060152,37.7792588,-122.4193286
6086,Carrier W,Air,New York,Boston,2,6,Delivered,40.7127281,-74.0060152,42.3554334,-71.060511
6427,Carrier Y,Rail,Los Angeles,San Francisco,12,4,Delayed,34.0536909,-118.242766,37.7792588,-122.4193286
6724,Carrier Y,Air,Miami,Dallas,10,9,Delivered,25.7741728,-80.19362,32.7762719,-96.7968559
6526,Carrier Z,Ship,Houston,Boston,10,12,Delivered,29.7589382,-95.3676974,42.3554334,-71.060511
6692,Carrier W,Rail,Houston,Seattle,14,5,Delayed,29.7589382,-95.3676974,47.6038321,-122.330062
6565,Carrier Z,Ship,Los Angeles,Seattle,13,5,In Transit,34.0536909,-118.242766,47.6038321,-122.330062
6432,Carrier W,Rail,Chicago,Dallas,10,17,Delayed,41.8755616,-87.6244212,32.7762719,-96.7968559
6786,Carrier X,Ship,New York,Boston,6,9,Delayed,40.7127281,-74.0060152,42.3554334,-71.060511
6561,Carrier Y,Ship,Chicago,Denver,4,14,Delayed,41.8755616,-87.6244212,39.7392364,-104.984862
6748,Carrier Y,Truck,Los Angeles,Denver,12,5,In Transit,34.0536909,-118.242766,39.7392364,-104.984862
6026,Carrier W,Ship,Houston,Seattle,12,15,Delivered,29.7589382,-95.3676974,47.6038321,-122.330062
6569,Carrier Z,Ship,Houston,Boston,4,2,Delayed,29.7589382,-95.3676974,42.3554334,-71.060511
6676,Carrier Z,Rail,Los Angeles,Seattle,3,19,In Transit,34.0536909,-118.242766,47.6038321,-122.330062
6551,Carrier Y,Rail,Los Angeles,Boston,8,15,Delayed,34.0536909,-118.242766,42.3554334,-71.060511
6013,Carrier W,Air,Houston,Seattle,12,4,Delayed,29.7589382,-95.3676974,47.6038321,-122.330062
6687,Carrier Z,Air,Houston,Dallas,1,13,Delayed,29.7589382,-95.3676974,32.7762719,-96.7968559
6388,Carrier Z,Truck,Miami,Boston,7,7,In Transit,25.7741728,-80.19362,42.3554334,-71.060511
6036,Carrier W,Ship,Houston,Seattle,9,14,In Transit,29.7589382,-95.3676974,47.6038321,-122.330062
6449,Carrier X,Truck,New York,Boston,11,2,Delayed,40.7127281,-74.0060152,42.3554334,-71.060511
6356,Carrier Z,Truck,Chicago,Dallas,12,10,Delivered,41.8755616,-87.6244212,32.7762719,-96.7968559
6193,Carrier X,Air,New York,San Francisco,4,11,In Transit,40.7127281,-74.0060152,37.7792588,-122.4193286
6695,Carrier W,Truck,Los Angeles,Dallas,13,12,Delayed,34.0536909,-118.242766,32.7762719,-96.7968559
6550,Carrier Y,Ship,Houston,Boston,8,15,Delayed,29.7589382,-95.3676974,42.3554334,-71.060511
6396,Carrier W,Rail,Chicago,Boston,6,18,Delayed,41.8755616,-87.6244212,42.3554334,-71.060511
6586,Carrier X,Ship,New York,Dallas,11,20,In Transit,40.7127281,-74.0060152,32.7762719,-96.7968559
6358,Carrier Y,Ship,Miami,Dallas,7,13,In Transit,25.7741728,-80.19362,32.7762719,-96.7968559
6544,Carrier Z,Truck,Los Angeles,Dallas,14,5,Delayed,34.0536909,-118.242766,32.7762719,-96.7968559
6310,Carrier Z,Ship,New York,San Francisco,7,8,In Transit,40.7127281,-74.0060152,37.7792588,-122.4193286
6391,Carrier Z,Ship,Los Angeles,San Francisco,8,18,Delayed,34.0536909,-118.242766,37.7792588,-122.4193286
6319,Carrier W,Truck,Miami,Boston,15,14,In Transit,25.7741728,-80.19362,42.3554334,-71.060511
6191,Carrier W,Air,Houston,Boston,3,10,Delayed,29.7589382,-95.3676974,42.3554334,-71.060511
6746,Carrier Z,Ship,Chicago,San Francisco,6,10,Delayed,41.8755616,-87.6244212,37.7792588,-122.4193286
6091,Carrier Y,Ship,Miami,Dallas,1,15,In Transit,25.7741728,-80.19362,32.7762719,-96.7968559
6506,Carrier Z,Rail,Chicago,San Francisco,10,13,Delivered,41.8755616,-87.6244212,37.7792588,-122.4193286
6306,Carrier Y,Truck,Chicago,San Francisco,7,2,In Transit,41.8755616,-87.6244212,37.7792588,-122.4193286
6752,Carrier X,Ship,New York,Dallas,10,8,Delivered,40.7127281,-74.0060152,32.7762719,-96.7968559
6443,Carrier Z,Air,Chicago,Seattle,8,9,Delayed,41.8755616,-87.6244212,47.6038321,-122.330062
6581,Carrier Y,Ship,New York,Seattle,14,7,In Transit,40.7127281,-74.0060152,47.6038321,-122.330062
6075,Carrier Y,Truck,Miami,Denver,2,1,In Transit,25.7741728,-80.19362,39.7392364,-104.984862
6446,Carrier Z,Air,Houston,Boston,5,1,In Transit,29.7589382,-95.3676974,42.3554334,-71.060511
6359,Carrier Z,Truck,New York,Boston,11,17,Delayed,40.7127281,-74.0060152,42.3554334,-71.060511
6660,Carrier W,Rail,Chicago,Seattle,12,6,In Transit,41.8755616,-87.6244212,47.6038321,-122.330062
6383,Carrier Z,Air,Los Angeles,Seattle,7,6,Delayed,34.0536909,-118.242766,47.6038321,-122.330062
6549,Carrier Y,Ship,Los Angeles,Seattle,11,6,Delivered,34.0536909,-118.242766,47.6038321,-122.330062
6290,Carrier X,Rail,Los Angeles,Dallas,15,11,Delayed,34.0536909,-118.242766,32.7762719,-96.7968559
6326,Carrier Z,Ship,Houston,San Francisco,11,6,Delayed,29.7589382,-95.3676974,37.7792588,-122.4193286
6566,Carrier X,Rail,Los Angeles,Dallas,3,6,Delivered,34.0536909,-118.242766,32.7762719,-96.7968559
6677,Carrier Y,Truck,Los Angeles,Dallas,13,6,Delayed,34.0536909,-118.242766,32.7762719,-96.7968559
6724,Carrier Y,Ship,Miami,Boston,4,13,Delayed,25.7741728,-80.19362,42.3554334,-71.060511
6067,Carrier W,Rail,Los Angeles,Seattle,11,3,Delivered,34.0536909,-118.242766,47.6038321,-122.330062
6010,Carrier W,Rail,Houston,San Francisco,2,10,Delivered,29.7589382,-95.3676974,37.7792588,-122.4193286
6308,Carrier X,Ship,Los Angeles,San Francisco,7,3,In Transit,34.0536909,-118.242766,37.7792588,-122.4193286
6455,Carrier W,Ship,New York,Seattle,9,2,Delivered,40.7127281,-74.0060152,47.6038321,-122.330062
6725,Carrier W,Air,Chicago,San Francisco,11,20,In Transit,41.8755616,-87.6244212,37.7792588,-122.4193286
6772,Carrier X,Rail,New York,Denver,14,8,Delayed,40.7127281,-74.0060152,39.7392364,-104.984862
6751,Carrier Z,Air,Houston,Denver,13,10,In Transit,29.7589382,-95.3676974,39.7392364,-104.984862
6518,Carrier W,Truck,Los Angeles,Boston,8,19,In Transit,34.0536909,-118.242766,42.3554334,-71.060511
6647,Carrier X,Rail,Los Angeles,Denver,7,9,Delayed,34.0536909,-118.242766,39.7392364,-104.984862
6686,Carrier W,Air,Los Angeles,Dallas,14,12,Delivered,34.0536909,-118.242766,32.7762719,-96.7968559
6419,Carrier Y,Ship,New York,Denver,14,3,Delivered,40.7127281,-74.0060152,39.7392364,-104.984862
6621,Carrier Z,Rail,New York,Denver,10,7,Delivered,40.7127281,-74.0060152,39.7392364,-104.984862
6779,Carrier Y,Air,Chicago,Seattle,12,15,In Transit,41.8755616,-87.6244212,47.6038321,-122.330062
6415,Carrier X,Air,Houston,Seattle,7,8,In Transit,29.7589382,-95.3676974,47.6038321,-122.330062
6435,Carrier X,Rail,Miami,Denver,11,7,In Transit,25.7741728,-80.19362,39.7392364,-104.984862
6387,Carrier W,Rail,Chicago,Denver,10,15,Delivered,41.8755616,-87.6244212,39.7392364,-104.984862
6753,Carrier X,Truck,Los Angeles,Seattle,11,18,Delayed,34.0536909,-118.242766,47.6038321,-122.330062
6205,Carrier W,Truck,Miami,Dallas,15,7,In Transit,25.7741728,-80.19362,32.7762719,-96.7968559
6172,Carrier Y,Air,New York,Denver,13,12,Delivered,40.7127281,-74.0060152,39.7392364,-104.984862
6242,Carrier X,Rail,New York,Denver,2,12,In Transit,40.7127281,-74.0060152,39.7392364,-104.984862
6557,Carrier W,Air,Miami,Denver,10,2,Delayed,25.7741728,-80.19362,39.7392364,-104.984862
6385,Carrier X,Air,Houston,Seattle,13,7,In Transit,29.7589382,-95.3676974,47.6038321,-122.330062
6618,Carrier Z,Rail,New York,Denver,12,11,In Transit,40.7127281,-74.0060152,39.7392364,-104.984862
6758,Carrier Y,Air,Chicago,Boston,15,14,Delayed,41.8755616,-87.6244212,42.3554334,-71.060511
6156,Carrier Y,Air,Houston,Seattle,14,4,Delayed,29.7589382,-95.3676974,47.6038321,-122.330062
6291,Carrier W,Truck,Miami,Seattle,3,15,In Transit,25.7741728,-80.19362,47.6038321,-122.330062
6284,Carrier X,Ship,Chicago,Dallas,10,5,Delayed,41.8755616,-87.6244212,32.7762719,-96.7968559
6787,Carrier Y,Truck,Houston,Seattle,13,8,In Transit,29.7589382,-95.3676974,47.6038321,-122.330062
6229,Carrier X,Rail,New York,Seattle,1,12,Delivered,40.7127281,-74.0060152,47.6038321,-122.330062
6440,Carrier Z,Truck,Chicago,Denver,13,20,Delivered,41.8755616,-87.6244212,39.7392364,-104.984862
6134,Carrier Y,Truck,Chicago,Boston,3,5,In Transit,41.8755616,-87.6244212,42.3554334,-71.060511
6771,Carrier Y,Rail,Houston,Boston,15,8,In Transit,29.7589382,-95.3676974,42.3554334,-71.060511
6298,Carrier X,Truck,Chicago,San Francisco,5,16,Delivered,41.8755616,-87.6244212,37.7792588,-122.4193286
6380,Carrier Z,Ship,Houston,Seattle,8,14,Delivered,29.7589382,-95.3676974,47.6038321,-122.330062
6439,Carrier W,Air,New York,Seattle,5,5,In Transit,40.7127281,-74.0060152,47.6038321,-122.330062
6544,Carrier X,Truck,Los Angeles,San Francisco,8,19,Delivered,34.0536909,-118.242766,37.7792588,-122.4193286
6666,Carrier Z,Ship,Miami,Dallas,6,13,In Transit,25.7741728,-80.19362,32.7762719,-96.7968559
6752,Carrier X,Truck,Chicago,Boston,9,18,Delayed,41.8755616,-87.6244212,42.3554334,-71.060511
6583,Carrier X,Truck,Houston,San Francisco,11,6,Delivered,29.7589382,-95.3676974,37.7792588,-122.4193286
6597,Carrier Z,Ship,Los Angeles,Denver,10,7,Delayed,34.0536909,-118.242766,39.7392364,-104.984862
6712,Carrier Y,Ship,Houston,Seattle,12,5,Delivered,29.7589382,-95.3676974,47.6038321,-122.330062
6290,Carrier X,Rail,Los Angeles,Dallas,15,4,Delayed,34.0536909,-118.242766,32.7762719,-96.7968559
6359,Carrier Z,Rail,Los Angeles,San Francisco,9,19,Delivered,34.0536909,-118.242766,37.7792588,-122.4193286
6447,Carrier Z,Air,Miami,Boston,11,11,Delayed,25.7741728,-80.19362,42.3554334,-71.060511
6565,Carrier W,Truck,Houston,Boston,2,7,Delivered,29.7589382,-95.3676974,42.3554334,-71.060511
6598,Carrier W,Rail,Miami,Boston,14,18,Delayed,25.7741728,-80.19362,42.3554334,-71.060511
6599,Carrier X,Air,New York,Boston,15,12,Delivered,40.7127281,-74.0060152,42.3554334,-71.060511
6146,Carrier W,Rail,Miami,San Francisco,5,9,In Transit,25.7741728,-80.19362,37.7792588,-122.4193286
6307,Carrier Y,Rail,Los Angeles,Dallas,14,12,Delivered,34.0536909,-118.242766,32.7762719,-96.7968559
6347,Carrier Y,Truck,New York,Denver,5,20,Delayed,40.7127281,-74.0060152,39.7392364,-104.984862
6569,Carrier X,Air,Los Angeles,Denver,9,17,Delayed,34.0536909,-118.242766,39.7392364,-104.984862
6543,Carrier W,Ship,New York,Dallas,5,12,Delayed,40.7127281,-74.0060152,32.7762719,-96.7968559
6677,Carrier Y,Truck,Los Angeles,San Francisco,11,19,Delayed,34.0536909,-118.242766,37.7792588,-122.4193286
6054,Carrier Y,Rail,Houston,Seattle,4,15,In Transit,29.7589382,-95.3676974,47.6038321,-122.330062
6772,Carrier Z,Air,Chicago,Boston,12,3,Delivered,41.8755616,-87.6244212,42.3554334,-71.060511
6548,Carrier Y,Rail,New York,Boston,2,4,Delayed,40.7127281,-74.0060152,42.3554334,-71.060511
6672,Carrier Y,Air,Chicago,Seattle,11,9,Delayed,41.8755616,-87.6244212,47.6038321,-122.330062
6306,Carrier W,Rail,Houston,Boston,2,12,Delivered,29.7589382,-95.3676974,42.3554334,-71.060511
6280,Carrier X,Air,Houston,Boston,15,8,Delayed,29.7589382,-95.3676974,42.3554334,-71.060511
6038,Carrier W,Ship,Miami,Dallas,9,2,In Transit,25.7741728,-80.19362,32.7762719,-96.7968559
6081,Carrier X,Ship,Houston,Boston,3,17,Delayed,29.7589382,-95.3676974,42.3554334,-71.060511
6380,Carrier Z,Air,Miami,Denver,3,15,Delayed,25.7741728,-80.19362,39.7392364,-104.984862
6797,Carrier X,Truck,Chicago,Seattle,6,6,Delayed,41.8755616,-87.6244212,47.6038321,-122.330062
6783,Carrier Z,Truck,Chicago,Seattle,1,12,Delivered,41.8755616,-87.6244212,47.6038321,-122.330062
6154,Carrier X,Truck,Los Angeles,Denver,8,12,Delayed,34.0536909,-118.242766,39.7392364,-104.984862
6515,Carrier Y,Truck,Houston,San Francisco,10,5,In Transit,29.7589382,-95.3676974,37.7792588,-122.4193286
6288,Carrier W,Truck,Chicago,Dallas,8,4,In Transit,41.8755616,-87.6244212,32.7762719,-96.7968559
6269,Carrier W,Air,Los Angeles,San Francisco,14,17,In Transit,34.0536909,-118.242766,37.7792588,-122.4193286
6375,Carrier W,Ship,Chicago,Dallas,8,19,Delayed,41.8755616,-87.6244212,32.7762719,-96.7968559
6402,Carrier W,Truck,Houston,San Francisco,14,13,In Transit,29.7589382,-95.3676974,37.7792588,-122.4193286
6013,Carrier X,Ship,Miami,Denver,14,18,Delivered,25.7741728,-80.19362,39.7392364,-104.984862
6283,Carrier W,Air,New York,Dallas,5,15,Delayed,40.7127281,-74.0060152,32.7762719,-96.7968559
6650,Carrier Y,Truck,Chicago,Seattle,11,4,Delayed,41.8755616,-87.6244212,47.6038321,-122.330062
6604,Carrier Y,Rail,New York,Denver,2,17,In Transit,40.7127281,-74.0060152,39.7392364,-104.984862
6112,Carrier Z,Rail,Chicago,Denver,1,10,Delivered,41.8755616,-87.6244212,39.7392364,-104.984862
6535,Carrier X,Ship,Los Angeles,San Francisco,6,5,In Transit,34.0536909,-118.242766,37.7792588,-122.4193286
6755,Carrier Z,Ship,Chicago,Denver,3,8,Delivered,41.8755616,-87.6244212,39.7392364,-104.984862
6680,Carrier X,Truck,Houston,Denver,8,1,Delivered,29.7589382,-95.3676974,39.7392364,-104.984862
6334,Carrier W,Truck,Miami,San Francisco,5,14,Delayed,25.7741728,-80.19362,37.7792588,-122.4193286
6733,Carrier Z,Air,Los Angeles,Seattle,7,13,Delayed,34.0536909,-118.242766,47.6038321,-122.330062
6473,Carrier Y,Air,Miami,Dallas,12,12,Delayed,25.7741728,-80.19362,32.7762719,-96.7968559
6291,Carrier Z,Rail,New York,San Francisco,9,16,Delayed,40.7127281,-74.0060152,37.7792588,-122.4193286
6401,Carrier Y,Ship,Los Angeles,Seattle,2,5,Delivered,34.0536909,-118.242766,47.6038321,-122.330062
6288,Carrier Y,Rail,Houston,San Francisco,12,15,Delivered,29.7589382,-95.3676974,37.7792588,-122.4193286
6644,Carrier Y,Truck,New York,Boston,11,16,Delayed,40.7127281,-74.0060152,42.3554334,-71.060511
6555,Carrier X,Truck,New York,Denver,14,14,Delayed,40.7127281,-74.0060152,39.7392364,-104.984862
6133,Carrier X,Rail,Los Angeles,Seattle,5,15,Delayed,34.0536909,-118.242766,47.6038321,-122.330062
6191,Carrier W,Air,Los Angeles,Boston,10,17,Delivered,34.0536909,-118.242766,42.3554334,-71.060511
6091,Carrier X,Truck,New York,Denver,8,6,In Transit,40.7127281,-74.0060152,39.7392364,-104.984862
6419,Carrier X,Truck,Miami,Seattle,1,9,Delivered,25.7741728,-80.19362,47.6038321,-122.330062
6138,Carrier W,Rail,New York,Dallas,13,10,In Transit,40.7127281,-74.0060152,32.7762719,-96.7968559
6413,Carrier W,Ship,Houston,Denver,13,14,Delayed,29.7589382,-95.3676974,39.7392364,-104.984862
6240,Carrier W,Ship,Houston,Boston,12,6,Delivered,29.7589382,-95.3676974,42.3554334,-71.060511
6068,Carrier W,Rail,Chicago,San Francisco,10,3,Delivered,41.8755616,-87.6244212,37.7792588,-122.4193286
6607,Carrier W,Truck,New York,San Francisco,12,7,Delivered,40.7127281,-74.0060152,37.7792588,-122.4193286
6120,Carrier Z,Rail,Los Angeles,San Francisco,15,1,In Transit,34.0536909,-118.242766,37.7792588,-122.4193286
6760,Carrier W,Rail,Chicago,Denver,10,20,Delayed,41.8755616,-87.6244212,39.7392364,-104.984862
6308,Carrier W,Ship,Miami,Boston,11,4,Delayed,25.7741728,-80.19362,42.3554334,-71.060511
6162,Carrier Y,Truck,Houston,Seattle,14,16,In Transit,29.7589382,-95.3676974,47.6038321,-122.330062
6515,Carrier Z,Ship,Los Angeles,Denver,15,20,Delayed,34.0536909,-118.242766,39.7392364,-104.984862
6273,Carrier W,Truck,Houston,Boston,6,9,Delayed,29.7589382,-95.3676974,42.3554334,-71.060511
6513,Carrier Z,Truck,Houston,Boston,6,6,Delivered,29.7589382,-95.3676974,42.3554334,-71.060511
6732,Carrier W,Truck,Houston,Seattle,1,5,Delivered,29.7589382,-95.3676974,47.6038321,-122.330062
6335,Carrier W,Ship,Los Angeles,Seattle,14,13,In Transit,34.0536909,-118.242766,47.6038321,-122.330062
6645,Carrier Y,Ship,Los Angeles,Denver,8,15,Delayed,34.0536909,-118.242766,39.7392364,-104.984862
6777,Carrier X,Truck,Houston,Boston,6,6,Delivered,29.7589382,-95.3676974,42.3554334,-71.060511
6058,Carrier X,Truck,New York,Denver,13,20,Delivered,40.7127281,-74.0060152,39.7392364,-104.984862
6248,Carrier Y,Rail,Miami,Denver,12,12,Delivered,25.7741728,-80.19362,39.7392364,-104.984862
6469,Carrier W,Truck,Houston,Denver,14,17,In Transit,29.7589382,-95.3676974,39.7392364,-104.984862
6538,Carrier Z,Air,Miami,Boston,8,7,Delayed,25.7741728,-80.19362,42.3554334,-71.060511
6684,Carrier Z,Rail,Los Angeles,Dallas,7,15,Delivered,34.0536909,-118.242766,32.7762719,-96.7968559
6706,Carrier W,Rail,New York,San Francisco,9,11,Delayed,40.7127281,-74.0060152,37.7792588,-122.4193286
6218,Carrier Y,Air,New York,San Francisco,8,20,Delivered,40.7127281,-74.0060152,37.7792588,-122.4193286
6228,Carrier Z,Air,Miami,San Francisco,9,14,In Transit,25.7741728,-80.19362,37.7792588,-122.4193286
6687,Carrier X,Ship,Chicago,Dallas,12,3,Delivered,41.8755616,-87.6244212,32.7762719,-96.7968559
6611,Carrier Y,Ship,Miami,Boston,4,10,Delayed,25.7741728,-80.19362,42.3554334,-71.060511
6048,Carrier W,Truck,Houston,Boston,11,3,Delayed,29.7589382,-95.3676974,42.3554334,-71.060511
6020,Carrier X,Rail,Miami,Dallas,6,18,In Transit,25.7741728,-80.19362,32.7762719,-96.7968559
6030,Carrier W,Air,Chicago,Dallas,11,5,Delivered,41.8755616,-87.6244212,32.7762719,-96.7968559
6427,Carrier Z,Rail,New York,Seattle,8,16,In Transit,40.7127281,-74.0060152,47.6038321,-122.330062
6776,Carrier W,Truck,Houston,San Francisco,13,6,In Transit,29.7589382,-95.3676974,37.7792588,-122.4193286
6422,Carrier W,Rail,Chicago,Boston,15,11,Delivered,41.8755616,-87.6244212,42.3554334,-71.060511
6095,Carrier Y,Air,Miami,Dallas,1,9,Delayed,25.7741728,-80.19362,32.7762719,-96.7968559
6072,Carrier Y,Truck,Houston,San Francisco,9,12,Delayed,29.7589382,-95.3676974,37.7792588,-122.4193286
6693,Carrier Z,Ship,New York,Boston,9,9,Delivered,40.7127281,-74.0060152,42.3554334,-71.060511
6255,Carrier W,Rail,Chicago,Denver,15,15,In Transit,41.8755616,-87.6244212,39.7392364,-104.984862
6048,Carrier X,Rail,Chicago,Seattle,9,2,In Transit,41.8755616,-87.6244212,47.6038321,-122.330062
6746,Carrier Z,Ship,Miami,Seattle,8,1,In Transit,25.7741728,-80.19362,47.6038321,-122.330062
6799,Carrier W,Rail,Chicago,San Francisco,3,10,Delivered,41.8755616,-87.6244212,37.7792588,-122.4193286
6433,Carrier Z,Air,Houston,Denver,12,14,Delayed,29.7589382,-95.3676974,39.7392364,-104.984862
6422,Carrier Z,Ship,Miami,Boston,11,10,Delayed,25.7741728,-80.19362,42.3554334,-71.060511
6748,Carrier Y,Air,Los Angeles,Dallas,11,6,Delayed,34.0536909,-118.242766,32.7762719,-96.7968559
6577,Carrier Z,Truck,Los Angeles,Boston,10,19,Delivered,34.0536909,-118.242766,42.3554334,-71.060511
6724,Carrier Y,Ship,Los Angeles,Seattle,15,18,In Transit,34.0536909,-118.242766,47.6038321,-122.330062
6728,Carrier Z,Air,Miami,Dallas,3,5,In Transit,25.7741728,-80.19362,32.7762719,-96.7968559
6632,Carrier Y,Truck,Chicago,Seattle,5,18,Delivered,41.8755616,-87.6244212,47.6038321,-122.330062
6523,Carrier Z,Ship,Houston,Dallas,5,12,In Transit,29.7589382,-95.3676974,32.7762719,-96.7968559
6770,Carrier Z,Ship,Houston,Seattle,5,13,Delayed,29.7589382,-95.3676974,47.6038321,-122.330062
